74.138.172.180,195.158.217.228,54301,47422,IPv4
195.158.217.228,74.138.172.180,47422,54301,IPv4
00f7:0087:0087:00e4:0036:0028:002d:0059,0091:00f5:008c:003e:00ef:00a2:002b:00a9,18210,58118,IPv6
0091:00f5:008c:003e:00ef:00a2:002b:00a9,00f7:0087:0087:00e4:0036:0028:002d:0059,58118,18210,IPv6
0071:0029:0077:0071:0027:0045:0061:004a,0077:0099:00fa:00b4:006d:0030:00f6:00e3,32906,3823,IPv6
0077:0099:00fa:00b4:006d:0030:00f6:00e3,0071:0029:0077:0071:0027:0045:0061:004a,3823,32906,IPv6
0023:002c:00ab:0021:00c8:00b2:0015:00d0,00f2:002b:0084:002e:00ab:0007:003d:00bd,16107,53911,IPv6
00f2:002b:0084:002e:00ab:0007:003d:00bd,0023:002c:00ab:0021:00c8:00b2:0015:00d0,53911,16107,IPv6
00d1:0028:004a:0096:0097:00c0:0093:003b,0049:00ce:0089:0006:00d8:0035:00f2:00f1,29051,27997,IPv6
0049:00ce:0089:0006:00d8:0035:00f2:00f1,00d1:0028:004a:0096:0097:00c0:0093:003b,27997,29051,IPv6
0053:00ba:00b1:009b:005b:00fb:00f7:0004,0022:0063:003e:00eb:0088:0029:00a7:0009,11741,53679,IPv6
0022:0063:003e:00eb:0088:0029:00a7:0009,0053:00ba:00b1:009b:005b:00fb:00f7:0004,53679,11741,IPv6
206.155.99.185,105.199.2.99,42458,59644,IPv4
105.199.2.99,206.155.99.185,59644,42458,IPv4
89.167.36.255,41.182.127.251,29812,21417,IPv4
41.182.127.251,89.167.36.255,21417,29812,IPv4
247.127.23.218,158.46.240.36,47436,5608,IPv4
158.46.240.36,247.127.23.218,5608,47436,IPv4
001f:00be:00d4:00bc:0062:0035:0087:00cc,002e:009b:0036:00c8:00c0:0063:00de:00ac,7561,44825,IPv6
002e:009b:0036:00c8:00c0:0063:00de:00ac,001f:00be:00d4:00bc:0062:0035:0087:00cc,44825,7561,IPv6
0091:0088:00c8:0021:00ab:0018:00c7:002d,0033:0022:0049:00d8:00dc:00bf:0067:001c,10829,14805,IPv6
0033:0022:0049:00d8:00dc:00bf:0067:001c,0091:0088:00c8:0021:00ab:0018:00c7:002d,14805,10829,IPv6
005e:00d8:00af:00a3:0058:0083:008a:006d,005c:003c:0052:0007:00d1:0039:0027:0087,61381,62073,IPv6
005c:003c:0052:0007:00d1:0039:0027:0087,005e:00d8:00af:00a3:0058:0083:008a:006d,62073,61381,IPv6
169.33.167.186,173.216.69.111,62110,48173,IPv4
173.216.69.111,169.33.167.186,48173,62110,IPv4
197.228.63.47,193.36.160.152,49165,20596,IPv4
193.36.160.152,197.228.63.47,20596,49165,IPv4
195.96.51.53,87.121.228.160,35520,2125,IPv4
87.121.228.160,195.96.51.53,2125,35520,IPv4
00a2:00ce:008f:003f:0010:0098:000f:00a9,00d1:0055:00c5:00ad:00ac:00cb:0004:00bd,35064,18484,IPv6
00d1:0055:00c5:00ad:00ac:00cb:0004:00bd,00a2:00ce:008f:003f:0010:0098:000f:00a9,18484,35064,IPv6
81.122.15.219,116.229.121.97,20302,47018,IPv4
116.229.121.97,81.122.15.219,47018,20302,IPv4
00b5:001a:00db:0064:000c:0056:00f0:00f4,0094:0077:0056:00d6:0011:009e:00da:00c5,52088,44417,IPv6
0094:0077:0056:00d6:0011:009e:00da:00c5,00b5:001a:00db:0064:000c:0056:00f0:00f4,44417,52088,IPv6
006a:00c2:009e:008c:00a2:00aa:0043:00fe,007b:00f5:0072:006f:0080:008e:00c8:003d,29732,2245,IPv6
007b:00f5:0072:006f:0080:008e:00c8:003d,006a:00c2:009e:008c:00a2:00aa:0043:00fe,2245,29732,IPv6
195.11.136.40,150.33.30.26,48948,42548,IPv4
150.33.30.26,195.11.136.40,42548,48948,IPv4
0024:00d7:0084:006e:004c:0035:00e3:007f,004b:005d:0069:003f:0086:0006:00cd:00b5,47029,35208,IPv6
004b:005d:0069:003f:0086:0006:00cd:00b5,0024:00d7:0084:006e:004c:0035:00e3:007f,35208,47029,IPv6
16.78.47.98,236.37.145.120,29577,26046,IPv4
236.37.145.120,16.78.47.98,26046,29577,IPv4
24.157.237.203,90.240.245.157,21199,52384,IPv4
90.240.245.157,24.157.237.203,52384,21199,IPv4
0003:00fc:00b5:007c:00c9:00f0:0034:00c7,00bd:00ee:0076:0025:00ac:003b:00e1:007e,62397,35546,IPv6
00bd:00ee:0076:0025:00ac:003b:00e1:007e,0003:00fc:00b5:007c:00c9:00f0:0034:00c7,35546,62397,IPv6
00a7:0050:0045:006f:00ae:00df:0091:009b,0001:002d:00c6:009c:0059:008a:0016:00ff,19133,49747,IPv6
0001:002d:00c6:009c:0059:008a:0016:00ff,00a7:0050:0045:006f:00ae:00df:0091:009b,49747,19133,IPv6
31.132.145.40,96.182.121.24,17345,32597,IPv4
96.182.121.24,31.132.145.40,32597,17345,IPv4
44.68.53.89,165.38.137.242,1945,7075,IPv4
165.38.137.242,44.68.53.89,7075,1945,IPv4
007c:00e4:002a:0018:00c3:001c:0095:00f8,0008:00c0:0072:0037:0077:002f:00cf:00e3,38190,63965,IPv6
0008:00c0:0072:0037:0077:002f:00cf:00e3,007c:00e4:002a:0018:00c3:001c:0095:00f8,63965,38190,IPv6
005d:000d:0025:00fe:00e3:008f:0026:00fe,0002:0087:0053:00d2:0053:0091:00d1:0081,48656,55006,IPv6
0002:0087:0053:00d2:0053:0091:00d1:0081,005d:000d:0025:00fe:00e3:008f:0026:00fe,55006,48656,IPv6
83.117.25.224,177.245.233.240,46874,20367,IPv4
177.245.233.240,83.117.25.224,20367,46874,IPv4
178.230.185.60,245.239.22.185,53387,59870,IPv4
245.239.22.185,178.230.185.60,59870,53387,IPv4
0050:004d:002a:0005:0064:0044:0094:003e,00c3:00a6:003e:001f:007a:005f:0095:00ef,41882,13276,IPv6
00c3:00a6:003e:001f:007a:005f:0095:00ef,0050:004d:002a:0005:0064:0044:0094:003e,13276,41882,IPv6
154.7.82.237,111.92.60.36,4200,27897,IPv4
111.92.60.36,154.7.82.237,27897,4200,IPv4
0042:00c4:00b5:0080:0075:0033:00b2:0022,0008:00bf:000d:005f:00c9:0028:002d:0075,47768,46227,IPv6
0008:00bf:000d:005f:00c9:0028:002d:0075,0042:00c4:00b5:0080:0075:0033:00b2:0022,46227,47768,IPv6
197.243.41.234,102.145.165.76,57993,7000,IPv4
102.145.165.76,197.243.41.234,7000,57993,IPv4
66.247.252.131,74.105.95.136,13586,55265,IPv4
74.105.95.136,66.247.252.131,55265,13586,IPv4
0067:00b5:00f1:00f5:00fc:0040:004a:0007,0080:00d9:0048:0039:008e:006f:00ec:001e,47385,31296,IPv6
0080:00d9:0048:0039:008e:006f:00ec:001e,0067:00b5:00f1:00f5:00fc:0040:004a:0007,31296,47385,IPv6
117.123.162.2,165.208.66.168,6234,32215,IPv4
165.208.66.168,117.123.162.2,32215,6234,IPv4
0097:0065:00a9:0070:0022:006a:00e4:008b,00a2:0060:006b:0033:0092:00da:0062:00d8,43359,38511,IPv6
00a2:0060:006b:0033:0092:00da:0062:00d8,0097:0065:00a9:0070:0022:006a:00e4:008b,38511,43359,IPv6
152.116.101.1,191.212.140.207,44138,24600,IPv4
191.212.140.207,152.116.101.1,24600,44138,IPv4
88.52.8.239,198.145.17.55,25574,62561,IPv4
198.145.17.55,88.52.8.239,62561,25574,IPv4
00b5:00b8:006c:002a:00ee:0003:0029:00cf,0028:007c:00e1:00c8:009d:0098:00c3:00c8,51054,51364,IPv6
0028:007c:00e1:00c8:009d:0098:00c3:00c8,00b5:00b8:006c:002a:00ee:0003:0029:00cf,51364,51054,IPv6
212.51.167.21,22.24.219.55,20914,47700,IPv4
22.24.219.55,212.51.167.21,47700,20914,IPv4
00f3:0047:00b2:008f:00c2:000b:006f:00df,0099:0099:00c0:00d2:003a:0009:009f:0018,58643,29392,IPv6
0099:0099:00c0:00d2:003a:0009:009f:0018,00f3:0047:00b2:008f:00c2:000b:006f:00df,29392,58643,IPv6
8.63.129.38,168.9.148.97,52148,59452,IPv4
168.9.148.97,8.63.129.38,59452,52148,IPv4
0036:0073:00ee:0053:009d:0006:002e:00d7,000a:002f:00d6:0038:0049:00cd:008f:006b,23725,38793,IPv6
000a:002f:00d6:0038:0049:00cd:008f:006b,0036:0073:00ee:0053:009d:0006:002e:00d7,38793,23725,IPv6
138.251.200.220,125.182.88.15,43920,31567,IPv4
125.182.88.15,138.251.200.220,31567,43920,IPv4
00c1:0048:0097:00ad:008c:000d:005b:0073,00e0:00cc:0097:00e2:0014:005d:00b8:0028,3130,8182,IPv6
00e0:00cc:0097:00e2:0014:005d:00b8:0028,00c1:0048:0097:00ad:008c:000d:005b:0073,8182,3130,IPv6
239.173.15.122,241.251.43.176,33155,41177,IPv4
241.251.43.176,239.173.15.122,41177,33155,IPv4
10.68.207.15,146.112.144.141,12367,23833,IPv4
146.112.144.141,10.68.207.15,23833,12367,IPv4
00c8:00ef:0007:00dd:00d7:0075:00dd:0058,0053:00f9:0030:0078:00fd:0006:0079:00e8,997,29769,IPv6
0053:00f9:0030:0078:00fd:0006:0079:00e8,00c8:00ef:0007:00dd:00d7:0075:00dd:0058,29769,997,IPv6
243.118.206.251,193.72.198.12,30410,12190,IPv4
193.72.198.12,243.118.206.251,12190,30410,IPv4
00a5:0020:00df:00ca:0091:003b:0002:0070,000f:003a:00a7:00a5:00ea:00fd:00e2:0058,54040,16323,IPv6
000f:003a:00a7:00a5:00ea:00fd:00e2:0058,00a5:0020:00df:00ca:0091:003b:0002:0070,16323,54040,IPv6
12.27.131.41,5.122.220.227,5687,11314,IPv4
5.122.220.227,12.27.131.41,11314,5687,IPv4
001d:00db:00a4:00f5:005e:00c0:00e7:0054,00d3:00c9:003b:0071:00a3:0056:0035:00c7,3366,57492,IPv6
00d3:00c9:003b:0071:00a3:0056:0035:00c7,001d:00db:00a4:00f5:005e:00c0:00e7:0054,57492,3366,IPv6
50.187.65.11,1.209.87.106,47320,21122,IPv4
1.209.87.106,50.187.65.11,21122,47320,IPv4
00e2:00d1:00ce:001f:00cc:0071:00cb:00e1,0028:0040:00e6:00c8:007e:0052:00a4:005e,55333,1598,IPv6
0028:0040:00e6:00c8:007e:0052:00a4:005e,00e2:00d1:00ce:001f:00cc:0071:00cb:00e1,1598,55333,IPv6
143.167.66.79,5.98.156.119,34811,61175,IPv4
5.98.156.119,143.167.66.79,61175,34811,IPv4
0094:00e7:000e:0076:002d:009a:009b:00dc,00a9:00b4:0023:00ae:0073:0048:0041:00f4,30291,52604,IPv6
00a9:00b4:0023:00ae:0073:0048:0041:00f4,0094:00e7:000e:0076:002d:009a:009b:00dc,52604,30291,IPv6
97.152.192.74,142.251.80.78,21714,65371,IPv4
142.251.80.78,97.152.192.74,65371,21714,IPv4
00bd:0009:0060:008d:0042:0042:0028:009a,0071:005c:006d:00b8:00e5:002c:002b:002b,17223,62065,IPv6
0071:005c:006d:00b8:00e5:002c:002b:002b,00bd:0009:0060:008d:0042:0042:0028:009a,62065,17223,IPv6
96.12.66.71,46.233.127.46,29684,52209,IPv4
46.233.127.46,96.12.66.71,52209,29684,IPv4
00b1:00f5:0033:00e6:009d:002d:0005:00f3,008d:007c:0040:0047:003f:0007:00f6:002f,47773,37561,IPv6
008d:007c:0040:0047:003f:0007:00f6:002f,00b1:00f5:0033:00e6:009d:002d:0005:00f3,37561,47773,IPv6
0015:0051:00c6:0045:0054:0032:0074:00c6,00bc:00bb:00bb:00e2:00a0:00a6:00e9:00d4,54877,308,IPv6
00bc:00bb:00bb:00e2:00a0:00a6:00e9:00d4,0015:0051:00c6:0045:0054:0032:0074:00c6,308,54877,IPv6
008b:0072:00dd:0025:00ec:005f:0080:00bc,00ea:002b:0033:00d5:001e:002a:00f1:005a,27899,43138,IPv6
00ea:002b:0033:00d5:001e:002a:00f1:005a,008b:0072:00dd:0025:00ec:005f:0080:00bc,43138,27899,IPv6
68.94.48.109,48.57.138.199,52425,40369,IPv4
48.57.138.199,68.94.48.109,40369,52425,IPv4
248.32.142.74,19.45.82.168,7397,12191,IPv4
19.45.82.168,248.32.142.74,12191,7397,IPv4
58.210.233.185,193.138.44.222,26947,4716,IPv4
193.138.44.222,58.210.233.185,4716,26947,IPv4
231.58.25.52,185.147.42.56,63305,38039,IPv4
185.147.42.56,231.58.25.52,38039,63305,IPv4
172.171.121.104,67.202.140.105,54707,63919,IPv4
67.202.140.105,172.171.121.104,63919,54707,IPv4
119.52.180.103,208.223.134.242,15288,24330,IPv4
208.223.134.242,119.52.180.103,24330,15288,IPv4
00ef:0006:0055:0096:00a5:0099:00f5:0034,00fa:00c3:00d0:0006:0007:00c4:00d7:00b1,62085,47580,IPv6
00fa:00c3:00d0:0006:0007:00c4:00d7:00b1,00ef:0006:0055:0096:00a5:0099:00f5:0034,47580,62085,IPv6
227.110.13.12,3.46.11.175,4576,64505,IPv4
3.46.11.175,227.110.13.12,64505,4576,IPv4
139.59.160.176,234.62.5.20,34686,37204,IPv4
234.62.5.20,139.59.160.176,37204,34686,IPv4
009f:0019:00c5:00d3:0021:00de:0080:0022,00cd:0012:0087:00d4:001a:0013:00f1:009d,49950,51141,IPv6
00cd:0012:0087:00d4:001a:0013:00f1:009d,009f:0019:00c5:00d3:0021:00de:0080:0022,51141,49950,IPv6
0040:0063:00ff:0081:00b2:00c4:00d3:005d,0047:009f:0046:0066:00f7:00cb:00d6:002c,45596,20598,IPv6
0047:009f:0046:0066:00f7:00cb:00d6:002c,0040:0063:00ff:0081:00b2:00c4:00d3:005d,20598,45596,IPv6
00f5:004f:0014:006b:0056:0096:0051:0054,003d:0018:00f0:00df:009d:0025:002e:0075,5104,41437,IPv6
003d:0018:00f0:00df:009d:0025:002e:0075,00f5:004f:0014:006b:0056:0096:0051:0054,41437,5104,IPv6
00d6:00f2:00ee:0040:0021:0059:00f9:006a,0047:0044:00df:0091:00bf:0005:0030:00e5,18896,3971,IPv6
0047:0044:00df:0091:00bf:0005:0030:00e5,00d6:00f2:00ee:0040:0021:0059:00f9:006a,3971,18896,IPv6
0008:00fd:00a7:00ba:0078:004d:00ad:0045,002b:0088:0016:007e:00fc:0022:00d9:00a9,61353,17454,IPv6
002b:0088:0016:007e:00fc:0022:00d9:00a9,0008:00fd:00a7:00ba:0078:004d:00ad:0045,17454,61353,IPv6
142.92.120.167,131.63.251.81,25295,56106,IPv4
131.63.251.81,142.92.120.167,56106,25295,IPv4
00fc:003c:0055:0034:0024:00ab:000b:000e,00d2:0025:0042:0072:00b0:00ca:0040:00a1,42922,41070,IPv6
00d2:0025:0042:0072:00b0:00ca:0040:00a1,00fc:003c:0055:0034:0024:00ab:000b:000e,41070,42922,IPv6
000c:00f5:0007:0096:004a:00a0:00de:00ee,0048:001f:00e9:00b3:004a:00b0:0054:00ec,25651,42066,IPv6
0048:001f:00e9:00b3:004a:00b0:0054:00ec,000c:00f5:0007:0096:004a:00a0:00de:00ee,42066,25651,IPv6
00e7:0036:00ab:001a:0093:0019:00eb:00c0,006b:0056:00af:003c:00ee:0057:0080:00ad,55992,4921,IPv6
006b:0056:00af:003c:00ee:0057:0080:00ad,00e7:0036:00ab:001a:0093:0019:00eb:00c0,4921,55992,IPv6
187.153.200.74,65.22.212.224,27208,9417,IPv4
65.22.212.224,187.153.200.74,9417,27208,IPv4
0022:00dc:00b4:006b:00c4:00d3:00e4:0021,0050:0099:00c5:00ea:0072:002c:007f:00da,6828,52988,IPv6
0050:0099:00c5:00ea:0072:002c:007f:00da,0022:00dc:00b4:006b:00c4:00d3:00e4:0021,52988,6828,IPv6
193.70.181.78,27.44.10.27,33530,59093,IPv4
27.44.10.27,193.70.181.78,59093,33530,IPv4
000c:0059:007a:008c:00f6:00a8:0042:0017,00a2:0080:0065:00a7:00e1:0089:00c4:00f5,30893,46011,IPv6
00a2:0080:0065:00a7:00e1:0089:00c4:00f5,000c:0059:007a:008c:00f6:00a8:0042:0017,46011,30893,IPv6
0078:00a6:008b:00dd:0074:0018:00df:001e,0036:0092:00a3:006d:009e:003d:0011:000b,62341,21113,IPv6
0036:0092:00a3:006d:009e:003d:0011:000b,0078:00a6:008b:00dd:0074:0018:00df:001e,21113,62341,IPv6
003c:0069:00f1:0095:00a9:0008:00d4:002e,0096:005e:0076:00ab:00a4:00ef:00ce:00e2,17818,14347,IPv6
0096:005e:0076:00ab:00a4:00ef:00ce:00e2,003c:0069:00f1:0095:00a9:0008:00d4:002e,14347,17818,IPv6
0005:0055:00ad:0002:007f:00f0:003e:003f,008e:00c5:002d:0030:0058:004e:0075:00f0,13563,50275,IPv6
008e:00c5:002d:0030:0058:004e:0075:00f0,0005:0055:00ad:0002:007f:00f0:003e:003f,50275,13563,IPv6
200.154.167.246,82.85.119.238,20300,9155,IPv4
82.85.119.238,200.154.167.246,9155,20300,IPv4
227.238.135.88,87.16.202.153,34189,24504,IPv4
87.16.202.153,227.238.135.88,24504,34189,IPv4
00e7:00a5:0049:008e:00fa:0090:00ff:0040,009c:0081:008b:00f4:00a9:004b:000e:00ea,47664,39934,IPv6
009c:0081:008b:00f4:00a9:004b:000e:00ea,00e7:00a5:0049:008e:00fa:0090:00ff:0040,39934,47664,IPv6
81.65.167.36,114.251.146.25,62298,62002,IPv4
114.251.146.25,81.65.167.36,62002,62298,IPv4
9.69.230.3,136.174.181.86,29257,48435,IPv4
136.174.181.86,9.69.230.3,48435,29257,IPv4
0016:00e7:007e:00fc:004c:0074:008e:00e9,001d:0048:008b:0027:003e:002f:0045:0003,27336,1098,IPv6
001d:0048:008b:0027:003e:002f:0045:0003,0016:00e7:007e:00fc:004c:0074:008e:00e9,1098,27336,IPv6
00b8:0054:0036:0018:0081:004d:0049:0082,002f:00da:0093:005e:004a:007f:00be:0014,42400,24826,IPv6
002f:00da:0093:005e:004a:007f:00be:0014,00b8:0054:0036:0018:0081:004d:0049:0082,24826,42400,IPv6
0076:0033:00c9:000d:005c:0025:002e:0011,006b:0024:0046:00fb:00e9:003e:0031:0096,57353,38081,IPv6
006b:0024:0046:00fb:00e9:003e:0031:0096,0076:0033:00c9:000d:005c:0025:002e:0011,38081,57353,IPv6
66.110.61.255,156.208.254.214,63609,21863,IPv4
156.208.254.214,66.110.61.255,21863,63609,IPv4
0070:00f4:006f:004a:00ac:0053:0038:0084,0098:008c:00ee:00cb:00bf:0042:0050:0006,25470,60154,IPv6
0098:008c:00ee:00cb:00bf:0042:0050:0006,0070:00f4:006f:004a:00ac:0053:0038:0084,60154,25470,IPv6
200.76.81.252,207.229.176.220,37009,28176,IPv4
207.229.176.220,200.76.81.252,28176,37009,IPv4
0042:00c5:000e:00b6:0056:0004:008a:0052,0017:0041:0055:0094:008f:0063:0074:0041,32593,60788,IPv6
0017:0041:0055:0094:008f:0063:0074:0041,0042:00c5:000e:00b6:0056:0004:008a:0052,60788,32593,IPv6
124.200.5.90,160.179.25.65,59797,18619,IPv4
160.179.25.65,124.200.5.90,18619,59797,IPv4
244.41.139.162,186.78.119.16,17321,55,IPv4
186.78.119.16,244.41.139.162,55,17321,IPv4
00b6:0028:0028:0085:0029:00f0:0040:000b,0037:00bb:003c:0022:004c:00f0:008d:00fe,50255,24713,IPv6
0037:00bb:003c:0022:004c:00f0:008d:00fe,00b6:0028:0028:0085:0029:00f0:0040:000b,24713,50255,IPv6
150.194.250.93,184.91.74.42,65344,51099,IPv4
184.91.74.42,150.194.250.93,51099,65344,IPv4
112.76.81.248,52.22.50.112,39375,54505,IPv4
52.22.50.112,112.76.81.248,54505,39375,IPv4
0017:00c6:0098:009f:0080:009d:0020:00c8,0055:0084:0097:00de:0003:00f0:001a:007a,23645,11083,IPv6
0055:0084:0097:00de:0003:00f0:001a:007a,0017:00c6:0098:009f:0080:009d:0020:00c8,11083,23645,IPv6
00bd:0055:006d:000a:002c:006d:0001:00e2,0012:00b9:00a0:00d9:00ec:00c8:000f:0052,11197,6872,IPv6
0012:00b9:00a0:00d9:00ec:00c8:000f:0052,00bd:0055:006d:000a:002c:006d:0001:00e2,6872,11197,IPv6
174.60.86.122,13.212.240.229,39808,34504,IPv4
13.212.240.229,174.60.86.122,34504,39808,IPv4
51.221.218.96,87.61.1.196,48976,2725,IPv4
87.61.1.196,51.221.218.96,2725,48976,IPv4
00a0:007f:0060:0051:00f9:003e:00e0:00d0,0007:0026:0086:00d2:00f9:0092:00a4:0064,56421,39581,IPv6
0007:0026:0086:00d2:00f9:0092:00a4:0064,00a0:007f:0060:0051:00f9:003e:00e0:00d0,39581,56421,IPv6
0045:006a:00ef:0026:009b:0009:00ff:00d1,00be:0032:00de:000d:00f4:0007:0097:0078,47165,47408,IPv6
00be:0032:00de:000d:00f4:0007:0097:0078,0045:006a:00ef:0026:009b:0009:00ff:00d1,47408,47165,IPv6
0051:00d2:0004:009f:0002:0087:00d7:0046,002b:002b:00fa:006a:00dd:0071:00d0:0027,52852,14728,IPv6
002b:002b:00fa:006a:00dd:0071:00d0:0027,0051:00d2:0004:009f:0002:0087:00d7:0046,14728,52852,IPv6
71.119.71.98,14.48.102.233,57694,13782,IPv4
14.48.102.233,71.119.71.98,13782,57694,IPv4
0024:00f6:003a:0027:0032:006c:00cd:0041,00c4:0004:000f:00c2:00d5:00b8:0003:0061,36721,5749,IPv6
00c4:0004:000f:00c2:00d5:00b8:0003:0061,0024:00f6:003a:0027:0032:006c:00cd:0041,5749,36721,IPv6
130.35.191.181,157.139.234.81,26052,38645,IPv4
157.139.234.81,130.35.191.181,38645,26052,IPv4
73.20.216.155,215.5.200.129,9313,54756,IPv4
215.5.200.129,73.20.216.155,54756,9313,IPv4
006d:009c:003b:00f9:00f7:0009:00db:0077,0056:005e:004f:00b3:008b:00fd:0037:0033,61113,27772,IPv6
0056:005e:004f:00b3:008b:00fd:0037:0033,006d:009c:003b:00f9:00f7:0009:00db:0077,27772,61113,IPv6
82.53.9.180,23.116.184.158,30165,51298,IPv4
23.116.184.158,82.53.9.180,51298,30165,IPv4
77.163.164.137,40.207.56.147,64836,44628,IPv4
40.207.56.147,77.163.164.137,44628,64836,IPv4
003a:007c:005b:00ea:005f:0056:00b8:009d,0091:0037:001b:001a:00fb:00ca:00ae:00fe,53676,16004,IPv6
0091:0037:001b:001a:00fb:00ca:00ae:00fe,003a:007c:005b:00ea:005f:0056:00b8:009d,16004,53676,IPv6
96.161.11.177,114.199.155.62,30674,65174,IPv4
114.199.155.62,96.161.11.177,65174,30674,IPv4
0041:0068:009a:0054:0064:007f:00a5:006c,00c6:00b5:0061:0008:001f:009d:00cf:00bf,12809,10807,IPv6
00c6:00b5:0061:0008:001f:009d:00cf:00bf,0041:0068:009a:0054:0064:007f:00a5:006c,10807,12809,IPv6
007f:0088:00bd:0008:007b:0047:005b:00e5,0097:003d:0013:00e5:0021:0094:0073:00b6,64746,5806,IPv6
0097:003d:0013:00e5:0021:0094:0073:00b6,007f:0088:00bd:0008:007b:0047:005b:00e5,5806,64746,IPv6
204.169.99.18,240.235.48.130,55024,17334,IPv4
240.235.48.130,204.169.99.18,17334,55024,IPv4
0070:00de:0002:0036:0030:00bc:0050:00fa,00de:0081:00cc:0057:0015:00a0:0032:00cd,5501,13737,IPv6
00de:0081:00cc:0057:0015:00a0:0032:00cd,0070:00de:0002:0036:0030:00bc:0050:00fa,13737,5501,IPv6
00c4:0025:007d:0071:00da:008f:00dc:00aa,003c:00f1:003a:00d6:004e:0054:003e:00e7,16490,12018,IPv6
003c:00f1:003a:00d6:004e:0054:003e:00e7,00c4:0025:007d:0071:00da:008f:00dc:00aa,12018,16490,IPv6
00c9:0053:0059:0092:00c0:001a:00c6:000e,0019:0032:00df:002d:0078:0044:009c:0043,9576,48069,IPv6
0019:0032:00df:002d:0078:0044:009c:0043,00c9:0053:0059:0092:00c0:001a:00c6:000e,48069,9576,IPv6
005f:0053:005d:006f:003c:0021:005a:00b5,003c:0023:00e7:002d:00ba:003f:001c:00ca,30699,62014,IPv6
003c:0023:00e7:002d:00ba:003f:001c:00ca,005f:0053:005d:006f:003c:0021:005a:00b5,62014,30699,IPv6
008a:0055:008c:00fa:005e:00d7:0062:005b,002c:0014:0029:0019:00e1:006d:00bc:0001,33692,24718,IPv6
002c:0014:0029:0019:00e1:006d:00bc:0001,008a:0055:008c:00fa:005e:00d7:0062:005b,24718,33692,IPv6
0023:00db:0049:003b:00b5:00bb:00ad:005f,00bd:0026:00cb:00b3:0067:007a:0033:00b8,49704,22501,IPv6
00bd:0026:00cb:00b3:0067:007a:0033:00b8,0023:00db:0049:003b:00b5:00bb:00ad:005f,22501,49704,IPv6
0075:00bf:00a4:0062:0052:006c:00fb:0075,00bb:00a4:0001:00d4:008c:0011:0024:00f0,31568,2385,IPv6
00bb:00a4:0001:00d4:008c:0011:0024:00f0,0075:00bf:00a4:0062:0052:006c:00fb:0075,2385,31568,IPv6
00a4:002e:0050:0049:0087:00cb:002f:0098,007c:003f:00d8:0018:00a9:00ac:00df:00ff,55606,56496,IPv6
007c:003f:00d8:0018:00a9:00ac:00df:00ff,00a4:002e:0050:0049:0087:00cb:002f:0098,56496,55606,IPv6
007c:0076:00bb:00fe:0057:0058:005a:00dc,0023:0033:005f:004c:0002:0065:00b1:0098,37160,64109,IPv6
0023:0033:005f:004c:0002:0065:00b1:0098,007c:0076:00bb:00fe:0057:0058:005a:00dc,64109,37160,IPv6
003a:000d:0015:00dd:00b4:00b3:00eb:0063,0020:0045:005d:0026:00a5:001d:009e:0056,9651,35178,IPv6
0020:0045:005d:0026:00a5:001d:009e:0056,003a:000d:0015:00dd:00b4:00b3:00eb:0063,35178,9651,IPv6
0069:00ce:007b:0047:00ac:00fd:0056:0013,00e8:0090:00c5:00c3:00ec:00c6:0048:009d,53780,12522,IPv6
00e8:0090:00c5:00c3:00ec:00c6:0048:009d,0069:00ce:007b:0047:00ac:00fd:0056:0013,12522,53780,IPv6
00a6:00dd:0042:0061:0072:0004:00c4:00dc,0016:00ca:00e3:00a6:00e7:0037:00fc:000d,61355,23522,IPv6
0016:00ca:00e3:00a6:00e7:0037:00fc:000d,00a6:00dd:0042:0061:0072:0004:00c4:00dc,23522,61355,IPv6
00f2:0082:0059:0071:0023:005b:0009:0097,0034:0028:0004:00f1:0080:0027:0032:0049,3635,32238,IPv6
0034:0028:0004:00f1:0080:0027:0032:0049,00f2:0082:0059:0071:0023:005b:0009:0097,32238,3635,IPv6
200.222.131.25,198.65.149.77,58285,11169,IPv4
198.65.149.77,200.222.131.25,11169,58285,IPv4
001e:0019:0011:0083:002b:0068:0025:00bc,00d2:00b9:009d:0052:00d0:007f:00ed:00bb,44529,24256,IPv6
00d2:00b9:009d:0052:00d0:007f:00ed:00bb,001e:0019:0011:0083:002b:0068:0025:00bc,24256,44529,IPv6
0096:0086:005a:00a8:002f:000e:008c:0090,007b:0067:00a1:0084:00e5:007d:0013:00b1,29860,6984,IPv6
007b:0067:00a1:0084:00e5:007d:0013:00b1,0096:0086:005a:00a8:002f:000e:008c:0090,6984,29860,IPv6
93.138.49.42,56.167.62.193,47354,9955,IPv4
56.167.62.193,93.138.49.42,9955,47354,IPv4
167.80.67.221,48.203.171.119,3986,34495,IPv4
48.203.171.119,167.80.67.221,34495,3986,IPv4
106.130.232.210,158.33.175.4,64833,60894,IPv4
158.33.175.4,106.130.232.210,60894,64833,IPv4
0020:0047:00ae:003f:005e:0057:0084:0012,0002:00bd:0027:0019:001e:00ae:0023:007d,21997,51753,IPv6
0002:00bd:0027:0019:001e:00ae:0023:007d,0020:0047:00ae:003f:005e:0057:0084:0012,51753,21997,IPv6
000b:00b8:0099:0038:00be:0077:005e:00bf,0026:004b:00ac:00d7:0052:0046:005c:00fe,17651,24729,IPv6
0026:004b:00ac:00d7:0052:0046:005c:00fe,000b:00b8:0099:0038:00be:0077:005e:00bf,24729,17651,IPv6
84.226.140.144,18.241.26.176,58448,7296,IPv4
18.241.26.176,84.226.140.144,7296,58448,IPv4
005a:00a4:000b:001c:000c:00b5:00ac:0015,0096:0035:007a:00fe:00a6:00ba:0079:00f7,22825,56312,IPv6
0096:0035:007a:00fe:00a6:00ba:0079:00f7,005a:00a4:000b:001c:000c:00b5:00ac:0015,56312,22825,IPv6
11.222.57.59,168.71.57.26,49204,51901,IPv4
168.71.57.26,11.222.57.59,51901,49204,IPv4
151.75.134.28,150.42.164.40,36707,11093,IPv4
150.42.164.40,151.75.134.28,11093,36707,IPv4
0029:0060:0057:00f4:00c7:00f4:0010:006f,0038:002a:00c0:008f:00bb:0004:003a:00b2,52032,47660,IPv6
0038:002a:00c0:008f:00bb:0004:003a:00b2,0029:0060:0057:00f4:00c7:00f4:0010:006f,47660,52032,IPv6
0037:00a7:00fd:0005:00d0:00fb:0066:0056,0087:007e:0058:0045:00ee:00ba:004d:004d,38677,50433,IPv6
0087:007e:0058:0045:00ee:00ba:004d:004d,0037:00a7:00fd:0005:00d0:00fb:0066:0056,50433,38677,IPv6
00f0:0004:0032:00be:00d9:003e:0093:0067,0034:000a:0030:00b2:0066:00ad:00b0:00e3,16772,21429,IPv6
0034:000a:0030:00b2:0066:00ad:00b0:00e3,00f0:0004:0032:00be:00d9:003e:0093:0067,21429,16772,IPv6
24.40.150.161,147.177.28.16,61819,60273,IPv4
147.177.28.16,24.40.150.161,60273,61819,IPv4
0083:00d1:0083:0036:002b:00ff:005c:0087,007d:0032:00e5:007d:00ef:00a0:0024:0009,63414,33046,IPv6
007d:0032:00e5:007d:00ef:00a0:0024:0009,0083:00d1:0083:0036:002b:00ff:005c:0087,33046,63414,IPv6
001d:009e:006f:0090:00b9:0074:0018:006d,0002:002c:000c:00bb:00ec:00cb:00e7:002f,53675,34436,IPv6
0002:002c:000c:00bb:00ec:00cb:00e7:002f,001d:009e:006f:0090:00b9:0074:0018:006d,34436,53675,IPv6
0077:0099:0024:0028:0088:0006:00e2:0040,00ff:004e:00f4:0095:004b:0004:0038:0019,33962,41,IPv6
00ff:004e:00f4:0095:004b:0004:0038:0019,0077:0099:0024:0028:0088:0006:00e2:0040,41,33962,IPv6
79.6.90.57,127.72.109.173,9019,11415,IPv4
127.72.109.173,79.6.90.57,11415,9019,IPv4
44.16.82.152,165.62.7.139,41088,32817,IPv4
165.62.7.139,44.16.82.152,32817,41088,IPv4
00aa:001d:00c9:006f:004e:0077:0018:004e,0025:0099:00a6:0068:00f1:0079:000f:003d,63933,47362,IPv6
0025:0099:00a6:0068:00f1:0079:000f:003d,00aa:001d:00c9:006f:004e:0077:0018:004e,47362,63933,IPv6
8.94.251.159,180.235.56.23,32020,56471,IPv4
180.235.56.23,8.94.251.159,56471,32020,IPv4
0095:00b8:00f5:0064:00aa:006e:00ba:0026,003d:008b:00f1:00f7:00b1:003d:007d:0074,64120,41834,IPv6
003d:008b:00f1:00f7:00b1:003d:007d:0074,0095:00b8:00f5:0064:00aa:006e:00ba:0026,41834,64120,IPv6
92.251.171.113,216.238.9.200,64872,22072,IPv4
216.238.9.200,92.251.171.113,22072,64872,IPv4
00ff:005c:0060:0047:001e:00bb:00fc:0058,0052:00e5:0072:0043:0065:0068:0082:007c,41229,42229,IPv6
0052:00e5:0072:0043:0065:0068:0082:007c,00ff:005c:0060:0047:001e:00bb:00fc:0058,42229,41229,IPv6
0078:0085:00cf:0020:0033:00c3:0026:002c,00e9:00ef:0073:0004:0010:0035:001f:0099,59769,3556,IPv6
00e9:00ef:0073:0004:0010:0035:001f:0099,0078:0085:00cf:0020:0033:00c3:0026:002c,3556,59769,IPv6
241.84.15.133,156.19.197.202,13512,20552,IPv4
156.19.197.202,241.84.15.133,20552,13512,IPv4
24.245.180.87,177.98.242.168,35294,31032,IPv4
177.98.242.168,24.245.180.87,31032,35294,IPv4
178.53.200.96,206.147.199.101,23685,26841,IPv4
206.147.199.101,178.53.200.96,26841,23685,IPv4
254.171.201.92,191.55.148.175,57623,52091,IPv4
191.55.148.175,254.171.201.92,52091,57623,IPv4
0091:0002:0080:0018:0007:0037:00bc:0047,00be:00d4:0054:00bc:0025:00ee:00ee:00c7,36144,31393,IPv6
00be:00d4:0054:00bc:0025:00ee:00ee:00c7,0091:0002:0080:0018:0007:0037:00bc:0047,31393,36144,IPv6
00a0:00e0:000a:00c6:00cf:008d:002d:0067,008f:002f:0014:00a1:00b5:00ed:001d:0022,20591,18078,IPv6
008f:002f:0014:00a1:00b5:00ed:001d:0022,00a0:00e0:000a:00c6:00cf:008d:002d:0067,18078,20591,IPv6
197.15.21.57,149.57.115.86,57834,12435,IPv4
149.57.115.86,197.15.21.57,12435,57834,IPv4
146.61.92.137,107.205.244.128,24746,48597,IPv4
107.205.244.128,146.61.92.137,48597,24746,IPv4
0045:0095:0047:00db:001e:0036:0068:0029,0054:005c:00e4:0048:00d7:0083:00ba:0094,32339,30953,IPv6
0054:005c:00e4:0048:00d7:0083:00ba:0094,0045:0095:0047:00db:001e:0036:0068:0029,30953,32339,IPv6
91.191.129.139,167.161.186.32,23646,22322,IPv4
167.161.186.32,91.191.129.139,22322,23646,IPv4
71.27.9.57,19.137.40.91,52088,24601,IPv4
19.137.40.91,71.27.9.57,24601,52088,IPv4
179.42.194.122,83.206.163.244,30217,54996,IPv4
83.206.163.244,179.42.194.122,54996,30217,IPv4
0033:004d:0098:003c:0066:00c9:00b3:00c7,0071:00a3:000d:00b4:00ed:00f0:003e:00ab,34288,12274,IPv6
0071:00a3:000d:00b4:00ed:00f0:003e:00ab,0033:004d:0098:003c:0066:00c9:00b3:00c7,12274,34288,IPv6
66.70.27.185,75.195.179.60,11702,51757,IPv4
75.195.179.60,66.70.27.185,51757,11702,IPv4
32.104.177.237,228.21.153.204,20691,18000,IPv4
228.21.153.204,32.104.177.237,18000,20691,IPv4
246.81.203.245,162.31.178.106,1271,61440,IPv4
162.31.178.106,246.81.203.245,61440,1271,IPv4
133.126.60.57,194.239.78.161,25443,62179,IPv4
194.239.78.161,133.126.60.57,62179,25443,IPv4
0013:00e2:00ce:000f:0006:0030:00ea:00ed,0081:00cc:00d3:000b:00f4:0006:005f:0060,30903,47576,IPv6
0081:00cc:00d3:000b:00f4:0006:005f:0060,0013:00e2:00ce:000f:0006:0030:00ea:00ed,47576,30903,IPv6
00cc:00d1:0065:0014:0071:000f:005b:00ff,00a8:005f:00b0:0051:00b1:00a3:0068:00f9,56989,55495,IPv6
00a8:005f:00b0:0051:00b1:00a3:0068:00f9,00cc:00d1:0065:0014:0071:000f:005b:00ff,55495,56989,IPv6
004d:00e5:0015:00bc:00c2:008e:0041:0010,0059:0035:0081:009d:00ad:0037:0070:0049,19025,40440,IPv6
0059:0035:0081:009d:00ad:0037:0070:0049,004d:00e5:0015:00bc:00c2:008e:0041:0010,40440,19025,IPv6
0021:000b:0046:00b4:003a:007c:0055:005c,0033:00de:002e:0026:006d:007f:003a:000d,27468,9901,IPv6
0033:00de:002e:0026:006d:007f:003a:000d,0021:000b:0046:00b4:003a:007c:0055:005c,9901,27468,IPv6
003e:0075:009a:0081:00af:006c:00e5:0065,0061:004b:00e1:0011:00f8:001d:0095:00f0,408,9070,IPv6
0061:004b:00e1:0011:00f8:001d:0095:00f0,003e:0075:009a:0081:00af:006c:00e5:0065,9070,408,IPv6
45.104.106.98,228.188.201.62,18349,14941,IPv4
228.188.201.62,45.104.106.98,14941,18349,IPv4
29.249.19.202,163.254.246.24,41476,35105,IPv4
163.254.246.24,29.249.19.202,35105,41476,IPv4
107.100.159.105,90.153.100.161,16559,11874,IPv4
90.153.100.161,107.100.159.105,11874,16559,IPv4
003d:0013:0081:00db:0013:00a1:00ca:0029,004a:0088:00ce:000f:0038:0083:0001:00e3,52758,26972,IPv6
004a:0088:00ce:000f:0038:0083:0001:00e3,003d:0013:0081:00db:0013:00a1:00ca:0029,26972,52758,IPv6
0043:00f7:00b8:0099:00d4:0074:0001:003f,0001:00c8:0052:000b:0023:0014:003e:00f0,10292,441,IPv6
0001:00c8:0052:000b:0023:0014:003e:00f0,0043:00f7:00b8:0099:00d4:0074:0001:003f,441,10292,IPv6
148.245.206.91,97.211.130.135,63503,35337,IPv4
97.211.130.135,148.245.206.91,35337,63503,IPv4
00d3:006e:0092:000a:00f1:00ad:00b3:00c9,00c5:009a:00e8:00af:00f9:008f:00e8:000a,5248,2329,IPv6
00c5:009a:00e8:00af:00f9:008f:00e8:000a,00d3:006e:0092:000a:00f1:00ad:00b3:00c9,2329,5248,IPv6
004e:0073:0041:005e:00ea:000c:008b:006c,00f6:0041:002a:00c6:005a:00ba:00d1:0085,16819,50504,IPv6
00f6:0041:002a:00c6:005a:00ba:00d1:0085,004e:0073:0041:005e:00ea:000c:008b:006c,50504,16819,IPv6
006e:003f:00d8:008c:00c6:0002:0008:00bc,0088:00a5:00cd:008a:0021:00d6:00d5:0041,26286,9988,IPv6
0088:00a5:00cd:008a:0021:00d6:00d5:0041,006e:003f:00d8:008c:00c6:0002:0008:00bc,9988,26286,IPv6
0015:0093:00bc:00d0:008d:00fb:0060:00f0,0020:00d2:0085:00e2:0092:00fc:00b2:00bd,31954,343,IPv6
0020:00d2:0085:00e2:0092:00fc:00b2:00bd,0015:0093:00bc:00d0:008d:00fb:0060:00f0,343,31954,IPv6
158.2.168.101,55.68.73.125,65377,64818,IPv4
55.68.73.125,158.2.168.101,64818,65377,IPv4
003d:00e5:0049:00be:00ac:005f:0062:00b7,0080:0011:000c:0019:0024:0034:00dd:001f,7,41905,IPv6
0080:0011:000c:0019:0024:0034:00dd:001f,003d:00e5:0049:00be:00ac:005f:0062:00b7,41905,7,IPv6
26.124.198.140,215.166.143.223,61069,7101,IPv4
215.166.143.223,26.124.198.140,7101,61069,IPv4
0044:0032:00d0:0039:0009:003a:001e:0051,002d:00a5:0081:0056:0009:005d:00e0:009f,34718,18018,IPv6
002d:00a5:0081:0056:0009:005d:00e0:009f,0044:0032:00d0:0039:0009:003a:001e:0051,18018,34718,IPv6
182.182.120.187,131.240.244.123,47857,22961,IPv4
131.240.244.123,182.182.120.187,22961,47857,IPv4
0006:0029:00a9:00bd:0055:00c1:005e:00c3,00e2:0002:003f:00c0:00cb:0012:00ab:00e5,49154,48797,IPv6
00e2:0002:003f:00c0:00cb:0012:00ab:00e5,0006:0029:00a9:00bd:0055:00c1:005e:00c3,48797,49154,IPv6
008d:0021:00d0:0064:00c4:0080:002c:0098,005e:0037:007b:00d8:0046:0034:0084:006d,4708,14696,IPv6
005e:0037:007b:00d8:0046:0034:0084:006d,008d:0021:00d0:0064:00c4:0080:002c:0098,14696,4708,IPv6
28.117.18.250,63.87.107.31,42785,35741,IPv4
63.87.107.31,28.117.18.250,35741,42785,IPv4
203.199.204.70,148.151.55.67,50453,55715,IPv4
148.151.55.67,203.199.204.70,55715,50453,IPv4
004e:009d:005b:0061:0020:00ee:00d5:0009,007c:0010:00ba:006a:00c7:0015:0091:00c8,42734,58532,IPv6
007c:0010:00ba:006a:00c7:0015:0091:00c8,004e:009d:005b:0061:0020:00ee:00d5:0009,58532,42734,IPv6
44.127.35.38,162.168.255.196,50980,23025,IPv4
162.168.255.196,44.127.35.38,23025,50980,IPv4
0058:00eb:0088:0060:002e:00d0:0029:00ed,00ae:00d5:0008:00a7:0024:0085:003b:00f6,34612,58000,IPv6
00ae:00d5:0008:00a7:0024:0085:003b:00f6,0058:00eb:0088:0060:002e:00d0:0029:00ed,58000,34612,IPv6
0024:00ae:0020:0031:009b:0053:005b:007f,00ff:0060:0055:00a8:0079:0099:00f2:0063,63495,36314,IPv6
00ff:0060:0055:00a8:0079:0099:00f2:0063,0024:00ae:0020:0031:009b:0053:005b:007f,36314,63495,IPv6
122.71.90.129,94.126.106.181,61071,59162,IPv4
94.126.106.181,122.71.90.129,59162,61071,IPv4
00fd:00fa:002c:00c9:001e:00d0:0092:00dd,006a:00b9:0035:0003:00cc:0069:00ff:0032,57325,7461,IPv6
006a:00b9:0035:0003:00cc:0069:00ff:0032,00fd:00fa:002c:00c9:001e:00d0:0092:00dd,7461,57325,IPv6
231.234.27.85,44.125.104.150,49629,14722,IPv4
44.125.104.150,231.234.27.85,14722,49629,IPv4
26.189.76.16,235.23.66.200,1863,7380,IPv4
235.23.66.200,26.189.76.16,7380,1863,IPv4
172.119.67.242,86.204.107.166,11023,22973,IPv4
86.204.107.166,172.119.67.242,22973,11023,IPv4
0028:00ae:00b8:003e:00a9:0031:0016:0070,0050:005c:0013:00f4:002e:00c5:0082:0066,8462,19440,IPv6
0050:005c:0013:00f4:002e:00c5:0082:0066,0028:00ae:00b8:003e:00a9:0031:0016:0070,19440,8462,IPv6
34.79.18.234,115.55.57.222,48210,51149,IPv4
115.55.57.222,34.79.18.234,51149,48210,IPv4
00d2:005e:0077:006a:0051:0075:00d5:00b8,0062:0022:0001:00c7:004e:0079:003e:0021,50660,30755,IPv6
0062:0022:0001:00c7:004e:0079:003e:0021,00d2:005e:0077:006a:0051:0075:00d5:00b8,30755,50660,IPv6
001d:00c6:0013:00be:00a2:008c:001a:004d,0045:008d:0062:0002:0093:005d:0081:00a9,10544,11256,IPv6
0045:008d:0062:0002:0093:005d:0081:00a9,001d:00c6:0013:00be:00a2:008c:001a:004d,11256,10544,IPv6
0098:0096:0007:0054:00b6:00a4:00d3:00d0,007b:00a9:0005:00dc:0047:0003:0056:00de,63259,13484,IPv6
007b:00a9:0005:00dc:0047:0003:0056:00de,0098:0096:0007:0054:00b6:00a4:00d3:00d0,13484,63259,IPv6
0080:0032:000e:00f1:00a0:0045:0015:00ee,0044:0095:004e:007f:004f:005b:00a3:00cb,16912,27773,IPv6
0044:0095:004e:007f:004f:005b:00a3:00cb,0080:0032:000e:00f1:00a0:0045:0015:00ee,27773,16912,IPv6
0043:006e:00ec:00fc:001b:001f:00d7:005e,0032:00be:00f1:003b:0039:007c:007a:006d,40068,23273,IPv6
0032:00be:00f1:003b:0039:007c:007a:006d,0043:006e:00ec:00fc:001b:001f:00d7:005e,23273,40068,IPv6
252.171.141.175,110.17.132.172,16790,4083,IPv4
110.17.132.172,252.171.141.175,4083,16790,IPv4
0046:0048:00d4:008b:00cf:0043:00be:004e,0005:00da:00af:0096:00f3:0098:00da:0098,37790,56955,IPv6
0005:00da:00af:0096:00f3:0098:00da:0098,0046:0048:00d4:008b:00cf:0043:00be:004e,56955,37790,IPv6
155.80.199.18,108.5.49.221,22994,59995,IPv4
108.5.49.221,155.80.199.18,59995,22994,IPv4
007d:00eb:0056:00b3:0008:0048:006a:00e0,0019:0075:003c:0027:002d:00ca:00fc:00f1,65209,1266,IPv6
0019:0075:003c:0027:002d:00ca:00fc:00f1,007d:00eb:0056:00b3:0008:0048:006a:00e0,1266,65209,IPv6
008d:0071:0046:00c3:007f:0029:0050:0083,0028:00b7:007c:0022:00de:0025:00e7:00b0,15064,20405,IPv6
0028:00b7:007c:0022:00de:0025:00e7:00b0,008d:0071:0046:00c3:007f:0029:0050:0083,20405,15064,IPv6
172.131.120.50,144.56.166.174,377,62731,IPv4
144.56.166.174,172.131.120.50,62731,377,IPv4
157.172.71.163,72.212.17.197,32627,63649,IPv4
72.212.17.197,157.172.71.163,63649,32627,IPv4
168.243.139.157,86.227.203.148,7766,7051,IPv4
86.227.203.148,168.243.139.157,7051,7766,IPv4
195.148.141.46,217.61.237.62,12943,49693,IPv4
217.61.237.62,195.148.141.46,49693,12943,IPv4
00b3:003d:00e8:0037:00ea:00d7:002d:004e,0063:00a7:0005:004a:00b4:0080:0069:0067,55989,3325,IPv6
0063:00a7:0005:004a:00b4:0080:0069:0067,00b3:003d:00e8:0037:00ea:00d7:002d:004e,3325,55989,IPv6
217.239.100.120,249.189.25.202,15101,26995,IPv4
249.189.25.202,217.239.100.120,26995,15101,IPv4
0006:004c:00f7:0085:0002:005a:0083:008f,00c1:001a:00bd:002c:00da:00cc:0041:00da,26998,17351,IPv6
00c1:001a:00bd:002c:00da:00cc:0041:00da,0006:004c:00f7:0085:0002:005a:0083:008f,17351,26998,IPv6
217.91.120.226,164.173.166.139,10265,37911,IPv4
164.173.166.139,217.91.120.226,37911,10265,IPv4
82.37.235.27,217.101.24.45,7809,24408,IPv4
217.101.24.45,82.37.235.27,24408,7809,IPv4
78.77.124.47,212.218.204.231,29928,21090,IPv4
212.218.204.231,78.77.124.47,21090,29928,IPv4
93.228.243.233,217.110.129.251,13073,24084,IPv4
217.110.129.251,93.228.243.233,24084,13073,IPv4
00b8:0095:00d8:0089:00dc:0085:0038:003c,0049:0089:00e9:001d:00ce:00c1:002c:008a,12506,11657,IPv6
0049:0089:00e9:001d:00ce:00c1:002c:008a,00b8:0095:00d8:0089:00dc:0085:0038:003c,11657,12506,IPv6
00d2:00de:004f:00eb:00a7:0067:00e9:00df,0060:004b:00d6:0023:0091:004f:000c:00c9,61658,40975,IPv6
0060:004b:00d6:0023:0091:004f:000c:00c9,00d2:00de:004f:00eb:00a7:0067:00e9:00df,40975,61658,IPv6
201.107.81.234,139.211.24.249,28740,64770,IPv4
139.211.24.249,201.107.81.234,64770,28740,IPv4
5.229.180.16,78.149.2.221,23019,44220,IPv4
78.149.2.221,5.229.180.16,44220,23019,IPv4
009b:002c:0023:0077:005a:00ba:002b:00d0,0030:00af:0037:00f9:00e6:003d:0093:00f0,3472,30150,IPv6
0030:00af:0037:00f9:00e6:003d:0093:00f0,009b:002c:0023:0077:005a:00ba:002b:00d0,30150,3472,IPv6
132.187.78.168,119.223.140.33,44664,25877,IPv4
119.223.140.33,132.187.78.168,25877,44664,IPv4
001d:0036:00d2:00f0:005f:00dd:001e:00e6,0069:008b:00de:006a:00be:001e:00b0:00dc,7456,38043,IPv6
0069:008b:00de:006a:00be:001e:00b0:00dc,001d:0036:00d2:00f0:005f:00dd:001e:00e6,38043,7456,IPv6
00c0:0080:006c:0094:00f9:00c7:00c3:009d,00bb:0058:000d:005b:004c:003e:0064:0080,10604,6461,IPv6
00bb:0058:000d:005b:004c:003e:0064:0080,00c0:0080:006c:0094:00f9:00c7:00c3:009d,6461,10604,IPv6
0036:00c5:0031:002d:0060:0091:0075:009d,004b:0005:005b:0067:00c6:0095:007a:007b,32873,3027,IPv6
004b:0005:005b:0067:00c6:0095:007a:007b,0036:00c5:0031:002d:0060:0091:0075:009d,3027,32873,IPv6
228.123.131.182,68.119.223.230,39241,54820,IPv4
68.119.223.230,228.123.131.182,54820,39241,IPv4
149.114.140.117,168.254.227.171,55562,43900,IPv4
168.254.227.171,149.114.140.117,43900,55562,IPv4
00c1:0080:005e:00f4:00c0:0003:0093:0086,00c1:00a4:004f:00fe:0077:001a:0096:00a3,24710,8484,IPv6
00c1:00a4:004f:00fe:0077:001a:0096:00a3,00c1:0080:005e:00f4:00c0:0003:0093:0086,8484,24710,IPv6
0050:00c6:0058:00dc:00f7:006a:00d2:008f,0015:00ff:00c4:0030:006d:00ef:00a0:0003,24810,41329,IPv6
0015:00ff:00c4:0030:006d:00ef:00a0:0003,0050:00c6:0058:00dc:00f7:006a:00d2:008f,41329,24810,IPv6
165.243.73.58,211.241.216.204,53498,15116,IPv4
211.241.216.204,165.243.73.58,15116,53498,IPv4
0096:00fa:00d3:00c9:0038:0011:0077:0050,0055:00b7:0061:00d3:00b5:0082:00c2:00d5,29815,49302,IPv6
0055:00b7:0061:00d3:00b5:0082:00c2:00d5,0096:00fa:00d3:00c9:0038:0011:0077:0050,49302,29815,IPv6
0068:000d:00f4:004b:00c5:002c:0069:0071,007b:00c5:00b2:0018:00ef:0003:0059:0096,14929,40743,IPv6
007b:00c5:00b2:0018:00ef:0003:0059:0096,0068:000d:00f4:004b:00c5:002c:0069:0071,40743,14929,IPv6
0025:0087:0039:0002:0071:0037:000e:0014,00b4:00e6:0002:0008:001b:0097:0055:009e,37744,53076,IPv6
00b4:00e6:0002:0008:001b:0097:0055:009e,0025:0087:0039:0002:0071:0037:000e:0014,53076,37744,IPv6
005d:0072:0006:00e8:00b6:0087:00da:00e9,008a:008f:0058:000a:00a9:0074:0089:007f,33937,24612,IPv6
008a:008f:0058:000a:00a9:0074:0089:007f,005d:0072:0006:00e8:00b6:0087:00da:00e9,24612,33937,IPv6
001d:005a:00b8:004d:00cf:0080:0052:00eb,00d8:00f8:00ff:00d6:0040:0036:00cc:0037,18619,51075,IPv6
00d8:00f8:00ff:00d6:0040:0036:00cc:0037,001d:005a:00b8:004d:00cf:0080:0052:00eb,51075,18619,IPv6
75.205.162.45,124.87.225.185,50458,34005,IPv4
124.87.225.185,75.205.162.45,34005,50458,IPv4
21.51.138.49,115.186.157.116,60246,18584,IPv4
115.186.157.116,21.51.138.49,18584,60246,IPv4
00fa:0065:00d4:0019:0096:00a6:00c0:000f,008a:0004:00f1:00aa:001d:0006:0086:009f,54462,19026,IPv6
008a:0004:00f1:00aa:001d:0006:0086:009f,00fa:0065:00d4:0019:0096:00a6:00c0:000f,19026,54462,IPv6
101.79.2.6,60.91.16.106,51825,32959,IPv4
60.91.16.106,101.79.2.6,32959,51825,IPv4
197.34.71.90,18.164.118.245,5689,49179,IPv4
18.164.118.245,197.34.71.90,49179,5689,IPv4
70.222.18.185,208.150.100.10,7967,19470,IPv4
208.150.100.10,70.222.18.185,19470,7967,IPv4
0080:00a6:0009:0013:008f:0075:0010:001e,0082:0070:007a:00c7:005e:000c:0016:0006,7230,53438,IPv6
0082:0070:007a:00c7:005e:000c:0016:0006,0080:00a6:0009:0013:008f:0075:0010:001e,53438,7230,IPv6
0044:0030:0088:0057:00c3:0082:00b0:00ad,009c:0058:001e:00bd:00d5:00a6:004a:0052,52795,37901,IPv6
009c:0058:001e:00bd:00d5:00a6:004a:0052,0044:0030:0088:0057:00c3:0082:00b0:00ad,37901,52795,IPv6
003a:00dc:00cd:00a8:000a:00c4:00eb:00b2,0069:005f:0050:0017:00a0:0008:00f7:00f3,12306,40605,IPv6
0069:005f:0050:0017:00a0:0008:00f7:00f3,003a:00dc:00cd:00a8:000a:00c4:00eb:00b2,40605,12306,IPv6
234.129.149.176,211.74.229.87,45140,34367,IPv4
211.74.229.87,234.129.149.176,34367,45140,IPv4
45.200.61.138,209.18.167.172,14423,1348,IPv4
209.18.167.172,45.200.61.138,1348,14423,IPv4
99.232.113.12,125.213.152.136,22449,13076,IPv4
125.213.152.136,99.232.113.12,13076,22449,IPv4
00b5:0080:006f:0081:003a:00b5:00cc:0066,00a3:008d:0034:0099:000d:0030:00fe:0024,23028,22160,IPv6
00a3:008d:0034:0099:000d:0030:00fe:0024,00b5:0080:006f:0081:003a:00b5:00cc:0066,22160,23028,IPv6
122.28.40.218,115.33.236.253,50157,52549,IPv4
115.33.236.253,122.28.40.218,52549,50157,IPv4
0086:0075:0014:00f0:0073:008b:008d:00ef,00f6:00c6:009b:0067:0006:0030:0096:0085,49138,33274,IPv6
00f6:00c6:009b:0067:0006:0030:0096:0085,0086:0075:0014:00f0:0073:008b:008d:00ef,33274,49138,IPv6
134.101.117.53,196.144.72.10,60378,45813,IPv4
196.144.72.10,134.101.117.53,45813,60378,IPv4
155.152.37.185,158.128.115.201,42130,43310,IPv4
158.128.115.201,155.152.37.185,43310,42130,IPv4
008f:003d:00f1:009b:006b:00c7:0075:0058,0044:0077:00a8:006f:00e9:00af:00bf:0054,6252,24699,IPv6
0044:0077:00a8:006f:00e9:00af:00bf:0054,008f:003d:00f1:009b:006b:00c7:0075:0058,24699,6252,IPv6
172.24.139.125,171.132.172.163,11552,7431,IPv4
171.132.172.163,172.24.139.125,7431,11552,IPv4
00be:00a6:0070:003c:0070:001d:001b:00c6,00da:00ef:00bd:00c8:002c:009c:00a5:0039,3937,14639,IPv6
00da:00ef:00bd:00c8:002c:009c:00a5:0039,00be:00a6:0070:003c:0070:001d:001b:00c6,14639,3937,IPv6
183.25.156.19,203.50.173.109,10471,2175,IPv4
203.50.173.109,183.25.156.19,2175,10471,IPv4
239.152.27.191,45.206.83.134,63021,57774,IPv4
45.206.83.134,239.152.27.191,57774,63021,IPv4
0074:00a2:0089:00d9:0038:00fd:00bb:005a,00a3:001c:0069:0082:0057:00ca:0014:0013,7335,34194,IPv6
00a3:001c:0069:0082:0057:00ca:0014:0013,0074:00a2:0089:00d9:0038:00fd:00bb:005a,34194,7335,IPv6
126.15.113.52,173.50.198.62,37245,48774,IPv4
173.50.198.62,126.15.113.52,48774,37245,IPv4
0037:007d:00ec:00b8:00d9:0097:00ea:0071,004b:004b:004d:0084:0070:000a:0020:001e,36203,32399,IPv6
004b:004b:004d:0084:0070:000a:0020:001e,0037:007d:00ec:00b8:00d9:0097:00ea:0071,32399,36203,IPv6
0055:0058:002b:0057:00a7:0059:0034:0093,008e:0043:0080:00c6:00b3:0017:001b:0064,12202,42147,IPv6
008e:0043:0080:00c6:00b3:0017:001b:0064,0055:0058:002b:0057:00a7:0059:0034:0093,42147,12202,IPv6
006b:0075:00c8:0087:0034:000a:0075:0092,0033:0066:0039:0068:0005:000e:003d:0066,25098,53924,IPv6
0033:0066:0039:0068:0005:000e:003d:0066,006b:0075:00c8:0087:0034:000a:0075:0092,53924,25098,IPv6
00ec:0061:0018:0038:0019:00e9:0030:0098,0043:00d7:0046:0052:0013:0053:00a3:00dc,33465,63262,IPv6
0043:00d7:0046:0052:0013:0053:00a3:00dc,00ec:0061:0018:0038:0019:00e9:0030:0098,63262,33465,IPv6
0018:0070:0019:00de:00f1:00e4:00df:0032,00df:0012:00f1:006f:00f0:0022:00da:0010,57037,44583,IPv6
00df:0012:00f1:006f:00f0:0022:00da:0010,0018:0070:0019:00de:00f1:00e4:00df:0032,44583,57037,IPv6
58.138.108.117,62.5.65.19,12236,99,IPv4
62.5.65.19,58.138.108.117,99,12236,IPv4
201.41.124.101,244.165.250.186,14277,19114,IPv4
244.165.250.186,201.41.124.101,19114,14277,IPv4
84.132.162.146,248.18.43.63,49933,23279,IPv4
248.18.43.63,84.132.162.146,23279,49933,IPv4
0007:00e2:0026:0084:000d:00f2:0084:00c6,008e:007d:005f:00ea:0047:0075:00a6:00c3,25697,59175,IPv6
008e:007d:005f:00ea:0047:0075:00a6:00c3,0007:00e2:0026:0084:000d:00f2:0084:00c6,59175,25697,IPv6
180.122.120.252,147.92.145.172,18390,9873,IPv4
147.92.145.172,180.122.120.252,9873,18390,IPv4
30.232.79.39,120.15.194.34,313,39200,IPv4
120.15.194.34,30.232.79.39,39200,313,IPv4
00ad:0080:0083:0025:00dc:00c3:0069:0048,0073:00e9:005a:000e:005f:00b4:006d:00ea,59668,44266,IPv6
0073:00e9:005a:000e:005f:00b4:006d:00ea,00ad:0080:0083:0025:00dc:00c3:0069:0048,44266,59668,IPv6
00e5:00af:00c8:0040:0030:00b5:0069:00fc,00ed:002a:009b:00a4:0048:0025:000c:0054,43036,40206,IPv6
00ed:002a:009b:00a4:0048:0025:000c:0054,00e5:00af:00c8:0040:0030:00b5:0069:00fc,40206,43036,IPv6
006f:008a:0073:0050:00cf:00b8:0020:00b0,00ed:00b0:00ab:0020:00e5:00bc:0036:00cf,33451,59035,IPv6
00ed:00b0:00ab:0020:00e5:00bc:0036:00cf,006f:008a:0073:0050:00cf:00b8:0020:00b0,59035,33451,IPv6
003e:006e:0096:0002:00ec:00cd:00ae:00c1,00be:0025:004b:00e8:007c:003d:007b:0093,13570,61536,IPv6
00be:0025:004b:00e8:007c:003d:007b:0093,003e:006e:0096:0002:00ec:00cd:00ae:00c1,61536,13570,IPv6
002f:00a0:00c0:0060:0060:0086:00bd:00ec,000c:00ea:0071:006e:00e5:0074:0058:0022,2410,36062,IPv6
000c:00ea:0071:006e:00e5:0074:0058:0022,002f:00a0:00c0:0060:0060:0086:00bd:00ec,36062,2410,IPv6
23.51.122.135,223.137.97.129,46103,41534,IPv4
223.137.97.129,23.51.122.135,41534,46103,IPv4
37.145.209.165,145.170.219.153,57223,42638,IPv4
145.170.219.153,37.145.209.165,42638,57223,IPv4
241.94.44.55,38.112.159.172,2991,57757,IPv4
38.112.159.172,241.94.44.55,57757,2991,IPv4
00fc:00b4:0091:0042:00b8:0058:008a:00dd,0053:00bc:0029:00fb:009f:0095:00c0:00fb,48011,17147,IPv6
0053:00bc:0029:00fb:009f:0095:00c0:00fb,00fc:00b4:0091:0042:00b8:0058:008a:00dd,17147,48011,IPv6
006b:0065:00af:0003:0071:007f:005c:0053,0096:0071:0090:0098:00ce:0073:00e7:00df,26830,15646,IPv6
0096:0071:0090:0098:00ce:0073:00e7:00df,006b:0065:00af:0003:0071:007f:005c:0053,15646,26830,IPv6
181.64.31.239,204.28.157.184,43543,41433,IPv4
204.28.157.184,181.64.31.239,41433,43543,IPv4
5.137.168.169,89.121.180.198,16479,52830,IPv4
89.121.180.198,5.137.168.169,52830,16479,IPv4
00f7:00c8:00fe:0054:0010:0029:0081:00d6,00b2:0005:0006:00d8:0097:00e9:00ad:00e0,18777,29949,IPv6
00b2:0005:0006:00d8:0097:00e9:00ad:00e0,00f7:00c8:00fe:0054:0010:0029:0081:00d6,29949,18777,IPv6
34.44.57.181,3.224.71.2,13371,30285,IPv4
3.224.71.2,34.44.57.181,30285,13371,IPv4
241.2.254.160,241.125.83.253,46634,41797,IPv4
241.125.83.253,241.2.254.160,41797,46634,IPv4
123.179.97.192,81.106.27.10,22234,11347,IPv4
81.106.27.10,123.179.97.192,11347,22234,IPv4
193.48.252.207,66.94.161.232,42726,37639,IPv4
66.94.161.232,193.48.252.207,37639,42726,IPv4
00a6:009d:00c2:00ad:0064:003b:00dd:00a4,0087:00eb:0031:001c:0084:008b:0047:0029,39256,56377,IPv6
0087:00eb:0031:001c:0084:008b:0047:0029,00a6:009d:00c2:00ad:0064:003b:00dd:00a4,56377,39256,IPv6
86.70.232.148,34.35.132.196,31757,57405,IPv4
34.35.132.196,86.70.232.148,57405,31757,IPv4
86.167.172.28,10.201.123.250,52830,54281,IPv4
10.201.123.250,86.167.172.28,54281,52830,IPv4
196.5.70.41,84.90.78.108,9230,25933,IPv4
84.90.78.108,196.5.70.41,25933,9230,IPv4
12.221.141.198,6.128.146.40,28484,44371,IPv4
6.128.146.40,12.221.141.198,44371,28484,IPv4
101.115.6.58,30.246.248.24,5866,60172,IPv4
30.246.248.24,101.115.6.58,60172,5866,IPv4
221.31.202.250,197.246.92.200,49577,14350,IPv4
197.246.92.200,221.31.202.250,14350,49577,IPv4
0003:0058:0054:00b6:00ba:00b3:009a:0062,00b1:0062:0035:0091:00d5:003b:00a8:009b,23947,40971,IPv6
00b1:0062:0035:0091:00d5:003b:00a8:009b,0003:0058:0054:00b6:00ba:00b3:009a:0062,40971,23947,IPv6
173.27.155.104,37.10.28.219,51464,61598,IPv4
37.10.28.219,173.27.155.104,61598,51464,IPv4
137.50.97.70,25.70.112.164,52764,44741,IPv4
25.70.112.164,137.50.97.70,44741,52764,IPv4
88.46.27.92,29.91.84.149,56392,24636,IPv4
29.91.84.149,88.46.27.92,24636,56392,IPv4
108.59.76.173,249.39.74.4,28186,42800,IPv4
249.39.74.4,108.59.76.173,42800,28186,IPv4
0063:0022:00af:00b9:0083:002d:001d:0062,00a7:0012:00b0:00ca:008c:00d5:00d2:006e,53776,15324,IPv6
00a7:0012:00b0:00ca:008c:00d5:00d2:006e,0063:0022:00af:00b9:0083:002d:001d:0062,15324,53776,IPv6
0080:00ef:0055:0005:00f9:0076:00ca:0040,00ec:0068:0058:0006:007b:0012:00ca:0091,52078,9078,IPv6
00ec:0068:0058:0006:007b:0012:00ca:0091,0080:00ef:0055:0005:00f9:0076:00ca:0040,9078,52078,IPv6
00a5:0052:0045:008d:00cb:00eb:0072:00f0,00dc:00f6:0097:007a:0018:0090:00f8:00e1,33322,54525,IPv6
00dc:00f6:0097:007a:0018:0090:00f8:00e1,00a5:0052:0045:008d:00cb:00eb:0072:00f0,54525,33322,IPv6
95.220.104.6,137.211.218.237,39747,1918,IPv4
137.211.218.237,95.220.104.6,1918,39747,IPv4
128.13.206.30,18.51.159.122,53846,54023,IPv4
18.51.159.122,128.13.206.30,54023,53846,IPv4
6.68.66.203,139.142.179.227,4739,2021,IPv4
139.142.179.227,6.68.66.203,2021,4739,IPv4
52.163.211.162,80.185.14.150,32259,40009,IPv4
80.185.14.150,52.163.211.162,40009,32259,IPv4
22.192.73.141,243.30.39.19,6590,27387,IPv4
243.30.39.19,22.192.73.141,27387,6590,IPv4
221.21.184.113,111.58.243.235,47731,58938,IPv4
111.58.243.235,221.21.184.113,58938,47731,IPv4
008c:006a:00c5:00c6:00b6:0019:0080:008e,004c:00e7:003e:00e3:0051:00b7:0002:006a,64295,737,IPv6
004c:00e7:003e:00e3:0051:00b7:0002:006a,008c:006a:00c5:00c6:00b6:0019:0080:008e,737,64295,IPv6
00c9:00aa:0093:0058:0067:00e5:002c:0064,00bb:0067:00b9:00e8:00c5:0069:0066:00a5,26450,46027,IPv6
00bb:0067:00b9:00e8:00c5:0069:0066:00a5,00c9:00aa:0093:0058:0067:00e5:002c:0064,46027,26450,IPv6
00d4:007e:0026:0077:0051:00f5:00ce:004d,0049:00b8:0084:002b:00f6:00ca:007b:007e,49082,23093,IPv6
0049:00b8:0084:002b:00f6:00ca:007b:007e,00d4:007e:0026:0077:0051:00f5:00ce:004d,23093,49082,IPv6
00cb:007c:00b2:0086:0067:001b:0025:00de,001e:004a:0085:003a:0048:00b9:0008:007b,13615,19405,IPv6
001e:004a:0085:003a:0048:00b9:0008:007b,00cb:007c:00b2:0086:0067:001b:0025:00de,19405,13615,IPv6
0045:00b6:0040:009b:008a:003c:0096:00da,0055:00cc:001d:00af:00e3:007e:0037:0078,8038,61878,IPv6
0055:00cc:001d:00af:00e3:007e:0037:0078,0045:00b6:0040:009b:008a:003c:0096:00da,61878,8038,IPv6
108.46.245.3,22.103.224.30,12478,15440,IPv4
22.103.224.30,108.46.245.3,15440,12478,IPv4
004f:0067:0021:007a:00b0:0085:00c3:00f4,0093:00b8:009c:002d:00bc:00f2:006c:003e,7822,15428,IPv6
0093:00b8:009c:002d:00bc:00f2:006c:003e,004f:0067:0021:007a:00b0:0085:00c3:00f4,15428,7822,IPv6
00a2:00b8:007f:008a:009e:0073:0040:00cd,00dc:0071:0062:00ab:0090:00d5:00e6:004c,27294,5797,IPv6
00dc:0071:0062:00ab:0090:00d5:00e6:004c,00a2:00b8:007f:008a:009e:0073:0040:00cd,5797,27294,IPv6
140.164.28.126,124.248.82.3,62176,20705,IPv4
124.248.82.3,140.164.28.126,20705,62176,IPv4
0025:00f3:00da:0040:0099:0028:00ef:00f8,00c6:000f:0056:0037:003f:002c:004e:0071,63281,35967,IPv6
00c6:000f:0056:0037:003f:002c:004e:0071,0025:00f3:00da:0040:0099:0028:00ef:00f8,35967,63281,IPv6
40.199.2.78,250.61.54.237,50011,18557,IPv4
250.61.54.237,40.199.2.78,18557,50011,IPv4
0021:0056:004d:00e4:00a6:00b7:0005:0070,005f:000e:0062:0098:0094:0033:00eb:00cd,41972,43456,IPv6
005f:000e:0062:0098:0094:0033:00eb:00cd,0021:0056:004d:00e4:00a6:00b7:0005:0070,43456,41972,IPv6
00ed:0011:00bb:00e6:00f4:00b6:005c:005c,00c0:00da:00b7:00c1:00f1:00ab:006e:00fb,47123,47489,IPv6
00c0:00da:00b7:00c1:00f1:00ab:006e:00fb,00ed:0011:00bb:00e6:00f4:00b6:005c:005c,47489,47123,IPv6
205.125.52.197,86.207.150.72,7733,11127,IPv4
86.207.150.72,205.125.52.197,11127,7733,IPv4
191.158.222.254,246.43.69.18,62097,39881,IPv4
246.43.69.18,191.158.222.254,39881,62097,IPv4
148.53.199.116,152.13.230.5,26863,46408,IPv4
152.13.230.5,148.53.199.116,46408,26863,IPv4
11.254.175.37,30.197.206.140,52970,45692,IPv4
30.197.206.140,11.254.175.37,45692,52970,IPv4
37.68.206.37,246.113.66.92,37593,15575,IPv4
246.113.66.92,37.68.206.37,15575,37593,IPv4
155.86.171.24,245.17.15.135,43242,31044,IPv4
245.17.15.135,155.86.171.24,31044,43242,IPv4
002e:001d:00de:0048:00ea:00a7:00b5:007c,00e1:00a0:0081:0063:004c:0077:00c7:00ec,43559,61517,IPv6
00e1:00a0:0081:0063:004c:0077:00c7:00ec,002e:001d:00de:0048:00ea:00a7:00b5:007c,61517,43559,IPv6
197.140.60.199,231.59.186.151,48939,3324,IPv4
231.59.186.151,197.140.60.199,3324,48939,IPv4
119.79.195.223,11.213.136.14,24815,10489,IPv4
11.213.136.14,119.79.195.223,10489,24815,IPv4
0014:0068:003e:009a:00f6:005f:0079:00a3,00f5:005e:0024:001a:004d:000e:0035:00ba,24875,16391,IPv6
00f5:005e:0024:001a:004d:000e:0035:00ba,0014:0068:003e:009a:00f6:005f:0079:00a3,16391,24875,IPv6
00ea:00d1:00bf:00e0:0034:003a:007a:000c,00aa:0049:00f3:00c6:009c:00b6:0088:0019,43812,23342,IPv6
00aa:0049:00f3:00c6:009c:00b6:0088:0019,00ea:00d1:00bf:00e0:0034:003a:007a:000c,23342,43812,IPv6
0076:00a7:0026:0017:00f5:00c3:0098:00cb,0099:007d:0051:00a6:0091:00da:0050:000d,6672,64859,IPv6
0099:007d:0051:00a6:0091:00da:0050:000d,0076:00a7:0026:0017:00f5:00c3:0098:00cb,64859,6672,IPv6
0073:00eb:006f:0017:001d:0037:0047:002c,001c:00c4:00a7:0087:00e5:006b:0090:0043,28907,27837,IPv6
001c:00c4:00a7:0087:00e5:006b:0090:0043,0073:00eb:006f:0017:001d:0037:0047:002c,27837,28907,IPv6
0038:0001:00a4:00aa:0069:0053:0019:0089,00d3:00bc:004c:0015:0074:007b:0073:0010,21638,21464,IPv6
00d3:00bc:004c:0015:0074:007b:0073:0010,0038:0001:00a4:00aa:0069:0053:0019:0089,21464,21638,IPv6
0053:0031:0024:0045:00f3:002f:0067:00db,000f:0050:0096:0005:00de:00a6:003b:00fd,12418,59999,IPv6
000f:0050:0096:0005:00de:00a6:003b:00fd,0053:0031:0024:0045:00f3:002f:0067:00db,59999,12418,IPv6
0004:0076:00ae:0086:0019:0027:001f:00bf,0058:0044:0018:00c5:0068:00f4:004b:007e,11888,61974,IPv6
0058:0044:0018:00c5:0068:00f4:004b:007e,0004:0076:00ae:0086:0019:0027:001f:00bf,61974,11888,IPv6
149.122.202.191,8.178.235.253,49834,41386,IPv4
8.178.235.253,149.122.202.191,41386,49834,IPv4
161.97.251.62,126.136.87.237,8328,17805,IPv4
126.136.87.237,161.97.251.62,17805,8328,IPv4
0029:002f:00ea:0016:00f6:005d:001d:00c0,004a:0056:00b0:0065:006e:00af:00b0:0082,3805,26387,IPv6
004a:0056:00b0:0065:006e:00af:00b0:0082,0029:002f:00ea:0016:00f6:005d:001d:00c0,26387,3805,IPv6
00b9:0073:0039:006d:00c8:00e5:0099:0051,00dd:004a:00c9:000f:00ed:00a7:000b:004e,51343,5646,IPv6
00dd:004a:00c9:000f:00ed:00a7:000b:004e,00b9:0073:0039:006d:00c8:00e5:0099:0051,5646,51343,IPv6
007b:00e6:00c2:00f6:00c6:0048:008e:0015,00f4:0081:00d6:0028:002d:0022:00fc:0009,7572,62122,IPv6
00f4:0081:00d6:0028:002d:0022:00fc:0009,007b:00e6:00c2:00f6:00c6:0048:008e:0015,62122,7572,IPv6
0002:00c4:00d0:0024:006b:0001:00a5:0053,0025:0004:0057:00f2:0052:0041:0073:0076,1440,25198,IPv6
0025:0004:0057:00f2:0052:0041:0073:0076,0002:00c4:00d0:0024:006b:0001:00a5:0053,25198,1440,IPv6
53.11.195.82,196.233.246.174,56784,42690,IPv4
196.233.246.174,53.11.195.82,42690,56784,IPv4
63.109.8.231,91.56.242.212,5640,16142,IPv4
91.56.242.212,63.109.8.231,16142,5640,IPv4
00fa:00c5:0087:00cb:004b:008a:005f:00c4,000c:00e6:0081:0098:0099:00f4:00b2:0098,46004,40991,IPv6
000c:00e6:0081:0098:0099:00f4:00b2:0098,00fa:00c5:0087:00cb:004b:008a:005f:00c4,40991,46004,IPv6
007e:009e:008b:00d2:00a6:003f:008b:004a,002d:00ba:0097:003b:00f7:009e:0092:008b,57180,49646,IPv6
002d:00ba:0097:003b:00f7:009e:0092:008b,007e:009e:008b:00d2:00a6:003f:008b:004a,49646,57180,IPv6
0095:006b:001b:007b:00af:003c:0088:004b,007f:0001:0099:00e1:0046:0087:0072:00ac,34442,2133,IPv6
007f:0001:0099:00e1:0046:0087:0072:00ac,0095:006b:001b:007b:00af:003c:0088:004b,2133,34442,IPv6
0066:00af:00e6:00a0:0054:00de:0008:00a3,0070:00e8:006e:0021:0065:0063:007f:00a8,19977,26286,IPv6
0070:00e8:006e:0021:0065:0063:007f:00a8,0066:00af:00e6:00a0:0054:00de:0008:00a3,26286,19977,IPv6
00bc:0076:0091:00f5:0081:0091:00ff:000d,006b:004d:0082:0092:00d1:0089:009e:002c,32978,62361,IPv6
006b:004d:0082:0092:00d1:0089:009e:002c,00bc:0076:0091:00f5:0081:0091:00ff:000d,62361,32978,IPv6
0001:00b0:0051:0061:0066:00f8:0078:00da,0043:0086:0056:00a2:0096:0051:0004:0007,42351,36205,IPv6
0043:0086:0056:00a2:0096:0051:0004:0007,0001:00b0:0051:0061:0066:00f8:0078:00da,36205,42351,IPv6
0056:0023:0027:007c:002b:005b:0096:0040,002a:005b:0062:009a:00a5:0041:00b5:00d7,53499,21319,IPv6
002a:005b:0062:009a:00a5:0041:00b5:00d7,0056:0023:0027:007c:002b:005b:0096:0040,21319,53499,IPv6
92.167.16.100,117.23.29.81,21481,16973,IPv4
117.23.29.81,92.167.16.100,16973,21481,IPv4
00a8:009b:00b1:00db:0015:00e6:0017:0025,002f:0078:00b8:00ee:0047:0037:0076:007c,36876,25103,IPv6
002f:0078:00b8:00ee:0047:0037:0076:007c,00a8:009b:00b1:00db:0015:00e6:0017:0025,25103,36876,IPv6
156.240.142.225,236.32.59.232,2481,32353,IPv4
236.32.59.232,156.240.142.225,32353,2481,IPv4
009a:0033:00ea:00f6:0078:0061:009a:004f,004e:0091:0078:00fd:0061:007d:00d3:0048,62248,56888,IPv6
004e:0091:0078:00fd:0061:007d:00d3:0048,009a:0033:00ea:00f6:0078:0061:009a:004f,56888,62248,IPv6
0023:006f:0053:00a0:00c9:0003:00ec:0026,0060:0074:00e3:00a5:00d7:00f7:0068:003e,24543,29568,IPv6
0060:0074:00e3:00a5:00d7:00f7:0068:003e,0023:006f:0053:00a0:00c9:0003:00ec:0026,29568,24543,IPv6
0010:0060:00c5:002b:001f:005f:00b6:00cd,0023:0013:00cc:0062:007c:0077:002e:0040,6125,59661,IPv6
0023:0013:00cc:0062:007c:0077:002e:0040,0010:0060:00c5:002b:001f:005f:00b6:00cd,59661,6125,IPv6
113.32.206.115,239.18.96.186,30233,22757,IPv4
239.18.96.186,113.32.206.115,22757,30233,IPv4
235.124.243.14,6.202.195.105,12182,57156,IPv4
6.202.195.105,235.124.243.14,57156,12182,IPv4
0020:00e6:00e7:0097:002d:006a:0081:007b,001e:0032:0005:0012:00ec:00e7:004d:0006,40448,23664,IPv6
001e:0032:0005:0012:00ec:00e7:004d:0006,0020:00e6:00e7:0097:002d:006a:0081:007b,23664,40448,IPv6
004b:001c:00f6:0063:007a:005d:00f6:00f8,0044:00e9:003b:005f:001c:0019:0090:00d8,6533,44511,IPv6
0044:00e9:003b:005f:001c:0019:0090:00d8,004b:001c:00f6:0063:007a:005d:00f6:00f8,44511,6533,IPv6
00c5:0057:0060:00a9:0039:00df:006c:0075,0029:0003:0071:00f9:0029:0045:0040:00cd,61122,52038,IPv6
0029:0003:0071:00f9:0029:0045:0040:00cd,00c5:0057:0060:00a9:0039:00df:006c:0075,52038,61122,IPv6
48.238.85.114,116.40.27.124,45561,13886,IPv4
116.40.27.124,48.238.85.114,13886,45561,IPv4
0047:00ae:000c:0069:0067:0019:00c8:0020,00ed:0085:0002:008d:00c3:0006:0044:002e,52604,26773,IPv6
00ed:0085:0002:008d:00c3:0006:0044:002e,0047:00ae:000c:0069:0067:0019:00c8:0020,26773,52604,IPv6
00f4:00e2:0078:0041:001b:0022:0013:0020,003c:00c9:003e:00c5:002d:0032:0092:007a,29767,1832,IPv6
003c:00c9:003e:00c5:002d:0032:0092:007a,00f4:00e2:0078:0041:001b:0022:0013:0020,1832,29767,IPv6
94.118.199.165,34.209.25.113,51764,59287,IPv4
34.209.25.113,94.118.199.165,59287,51764,IPv4
102.15.78.226,110.123.247.107,5323,15619,IPv4
110.123.247.107,102.15.78.226,15619,5323,IPv4
0004:00d7:0018:00ca:0077:0009:00bc:00b2,00e9:006d:001c:0040:00ca:00e6:007d:00ad,42022,32553,IPv6
00e9:006d:001c:0040:00ca:00e6:007d:00ad,0004:00d7:0018:00ca:0077:0009:00bc:00b2,32553,42022,IPv6
234.238.77.132,75.144.171.47,28163,24432,IPv4
75.144.171.47,234.238.77.132,24432,28163,IPv4
0046:006e:00d5:00c0:00cb:00d2:0029:006f,00ff:0085:004d:0026:00ca:003b:003d:004b,60182,3163,IPv6
00ff:0085:004d:0026:00ca:003b:003d:004b,0046:006e:00d5:00c0:00cb:00d2:0029:006f,3163,60182,IPv6
115.197.37.52,164.150.152.74,43615,26394,IPv4
164.150.152.74,115.197.37.52,26394,43615,IPv4
0062:0036:007c:005a:00f3:0027:0035:00d5,00d6:000a:002f:00dc:0049:0038:00f8:00f6,25807,35655,IPv6
00d6:000a:002f:00dc:0049:0038:00f8:00f6,0062:0036:007c:005a:00f3:0027:0035:00d5,35655,25807,IPv6
142.215.170.242,95.200.248.76,12046,62059,IPv4
95.200.248.76,142.215.170.242,62059,12046,IPv4
0089:0099:005b:0065:0023:001b:0022:000d,004a:0097:0003:0093:0030:00c9:00cb:0068,23677,20920,IPv6
004a:0097:0003:0093:0030:00c9:00cb:0068,0089:0099:005b:0065:0023:001b:0022:000d,20920,23677,IPv6
0097:00b5:00d3:00bd:00f3:005f:001c:008b,000f:00d3:00ca:006f:00ce:003c:0017:00d8,1039,11415,IPv6
000f:00d3:00ca:006f:00ce:003c:0017:00d8,0097:00b5:00d3:00bd:00f3:005f:001c:008b,11415,1039,IPv6
0043:005f:000a:00fa:007e:00e1:00d3:001e,0079:0093:00e6:0088:007f:00d0:0094:009c,60164,58325,IPv6
0079:0093:00e6:0088:007f:00d0:0094:009c,0043:005f:000a:00fa:007e:00e1:00d3:001e,58325,60164,IPv6
105.232.14.254,151.109.248.46,43977,49412,IPv4
151.109.248.46,105.232.14.254,49412,43977,IPv4
254.76.120.87,58.5.200.34,7029,41710,IPv4
58.5.200.34,254.76.120.87,41710,7029,IPv4
123.76.220.215,39.196.116.175,28229,2859,IPv4
39.196.116.175,123.76.220.215,2859,28229,IPv4
174.30.251.245,190.169.238.96,45535,5382,IPv4
190.169.238.96,174.30.251.245,5382,45535,IPv4
00c8:0032:009c:00be:0071:0071:00b6:009b,0056:00bf:0080:0048:0080:0028:00cb:008a,27980,1153,IPv6
0056:00bf:0080:0048:0080:0028:00cb:008a,00c8:0032:009c:00be:0071:0071:00b6:009b,1153,27980,IPv6
43.28.122.79,4.222.111.5,36394,36763,IPv4
4.222.111.5,43.28.122.79,36763,36394,IPv4
00ca:00ec:00d8:00b9:00e7:0047:0004:0078,00d3:006e:00b4:0034:009f:00c5:0022:0091,33829,30977,IPv6
00d3:006e:00b4:0034:009f:00c5:0022:0091,00ca:00ec:00d8:00b9:00e7:0047:0004:0078,30977,33829,IPv6
00f8:00e0:0095:00aa:009f:0038:00a8:00d1,0030:0076:00ef:00de:00cb:00fe:0069:0079,53585,57913,IPv6
0030:0076:00ef:00de:00cb:00fe:0069:0079,00f8:00e0:0095:00aa:009f:0038:00a8:00d1,57913,53585,IPv6
005e:00a7:0093:00cf:00fa:00f3:004b:00f2,0078:009d:00e5:002b:00a8:00d7:00c0:00e6,47074,62922,IPv6
0078:009d:00e5:002b:00a8:00d7:00c0:00e6,005e:00a7:0093:00cf:00fa:00f3:004b:00f2,62922,47074,IPv6
0099:0090:008d:009f:00d5:00ad:0062:0077,0054:0012:00d2:006b:0022:00b9:0064:0018,11252,28626,IPv6
0054:0012:00d2:006b:0022:00b9:0064:0018,0099:0090:008d:009f:00d5:00ad:0062:0077,28626,11252,IPv6
140.128.35.207,255.28.68.96,53549,48422,IPv4
255.28.68.96,140.128.35.207,48422,53549,IPv4
87.191.106.39,83.163.183.88,41605,43423,IPv4
83.163.183.88,87.191.106.39,43423,41605,IPv4
003e:000f:0045:0010:00d2:0043:004a:0085,00b9:00a4:00e0:00e0:00e2:001c:0097:0019,20158,64524,IPv6
00b9:00a4:00e0:00e0:00e2:001c:0097:0019,003e:000f:0045:0010:00d2:0043:004a:0085,64524,20158,IPv6
00d2:0029:00ad:00dd:00e0:009e:00c3:0022,00a8:0063:00f1:00f7:00fe:005c:00af:00d4,8685,47978,IPv6
00a8:0063:00f1:00f7:00fe:005c:00af:00d4,00d2:0029:00ad:00dd:00e0:009e:00c3:0022,47978,8685,IPv6
252.117.138.233,158.149.13.43,16493,2586,IPv4
158.149.13.43,252.117.138.233,2586,16493,IPv4
229.132.156.169,153.212.26.152,62131,36574,IPv4
153.212.26.152,229.132.156.169,36574,62131,IPv4
0018:008b:0039:004a:0081:0096:0030:0072,0082:00fb:006d:0040:00b5:0035:00fc:0007,8402,29447,IPv6
0082:00fb:006d:0040:00b5:0035:00fc:0007,0018:008b:0039:004a:0081:0096:0030:0072,29447,8402,IPv6
000b:0032:00e0:007a:00c2:00d0:009e:0068,0072:005d:001c:00e1:0040:0069:00f8:00ea,28127,37739,IPv6
0072:005d:001c:00e1:0040:0069:00f8:00ea,000b:0032:00e0:007a:00c2:00d0:009e:0068,37739,28127,IPv6
144.212.243.8,187.235.77.46,3293,16771,IPv4
187.235.77.46,144.212.243.8,16771,3293,IPv4
0095:008b:0012:0042:0036:0046:007a:00e1,0010:00d9:00f0:0074:008b:000b:0092:0022,8731,36563,IPv6
0010:00d9:00f0:0074:008b:000b:0092:0022,0095:008b:0012:0042:0036:0046:007a:00e1,36563,8731,IPv6
73.218.99.88,31.13.93.82,8462,45556,IPv4
31.13.93.82,73.218.99.88,45556,8462,IPv4
005d:0005:0086:0042:0097:0084:00b9:0007,00d8:00d1:00d1:0057:0077:000b:0044:00c5,42503,9348,IPv6
00d8:00d1:00d1:0057:0077:000b:0044:00c5,005d:0005:0086:0042:0097:0084:00b9:0007,9348,42503,IPv6
4.182.40.44,207.223.194.132,48616,31884,IPv4
207.223.194.132,4.182.40.44,31884,48616,IPv4
00ac:002c:00c3:0023:007b:0099:00a2:0033,002a:003f:000f:00cd:00a6:00dc:004d:0066,17851,15583,IPv6
002a:003f:000f:00cd:00a6:00dc:004d:0066,00ac:002c:00c3:0023:007b:0099:00a2:0033,15583,17851,IPv6
0075:00ee:00c2:00fe:00c5:00b6:0099:0056,0049:0007:0027:002c:0086:0046:00dd:00ff,40179,39117,IPv6
0049:0007:0027:002c:0086:0046:00dd:00ff,0075:00ee:00c2:00fe:00c5:00b6:0099:0056,39117,40179,IPv6
123.2.85.94,66.146.158.5,2492,12510,IPv4
66.146.158.5,123.2.85.94,12510,2492,IPv4
0053:00e2:00fc:00ce:0098:0007:00b0:00d4,00ca:0096:00ab:0005:0032:00d5:00ae:00d1,28287,3771,IPv6
00ca:0096:00ab:0005:0032:00d5:00ae:00d1,0053:00e2:00fc:00ce:0098:0007:00b0:00d4,3771,28287,IPv6
84.179.22.167,13.185.59.192,43835,22844,IPv4
13.185.59.192,84.179.22.167,22844,43835,IPv4
162.73.11.140,109.135.225.89,55136,296,IPv4
109.135.225.89,162.73.11.140,296,55136,IPv4
00d6:0020:007e:0083:00c7:000a:001b:005d,00f0:0084:002b:0053:00fd:007b:00a1:0091,64892,4614,IPv6
00f0:0084:002b:0053:00fd:007b:00a1:0091,00d6:0020:007e:0083:00c7:000a:001b:005d,4614,64892,IPv6
0010:0015:006d:0095:0075:00f6:003a:008c,0098:00bc:0011:0058:00b0:00a9:00b0:008d,27632,61696,IPv6
0098:00bc:0011:0058:00b0:00a9:00b0:008d,0010:0015:006d:0095:0075:00f6:003a:008c,61696,27632,IPv6
0085:00fc:00d7:004f:00be:0012:0039:0025,000c:0007:004d:004f:0084:00aa:00df:00a0,7104,18187,IPv6
000c:0007:004d:004f:0084:00aa:00df:00a0,0085:00fc:00d7:004f:00be:0012:0039:0025,18187,7104,IPv6
209.187.176.130,206.125.157.100,32974,42563,IPv4
206.125.157.100,209.187.176.130,42563,32974,IPv4
00fb:00ec:00ce:0046:0066:0013:0093:00e5,009b:009b:00a3:00e7:00a5:00a1:008e:00f5,47030,55598,IPv6
009b:009b:00a3:00e7:00a5:00a1:008e:00f5,00fb:00ec:00ce:0046:0066:0013:0093:00e5,55598,47030,IPv6
73.190.159.177,3.252.162.7,63874,52873,IPv4
3.252.162.7,73.190.159.177,52873,63874,IPv4
83.197.202.1,231.179.85.160,54133,32000,IPv4
231.179.85.160,83.197.202.1,32000,54133,IPv4
00fe:00fc:00c3:0075:00f4:0089:0002:0056,00c6:0024:001c:0029:009a:0088:0091:004f,2625,36957,IPv6
00c6:0024:001c:0029:009a:0088:0091:004f,00fe:00fc:00c3:0075:00f4:0089:0002:0056,36957,2625,IPv6
000b:0076:00f1:00d5:0079:0009:00dc:007a,00fd:001d:00b9:0013:006a:003f:006a:005d,63937,22630,IPv6
00fd:001d:00b9:0013:006a:003f:006a:005d,000b:0076:00f1:00d5:0079:0009:00dc:007a,22630,63937,IPv6
00c5:0094:0068:00c0:003e:00cd:001a:0074,00e9:00c7:0093:0032:007d:00b9:00ab:0080,29411,61221,IPv6
00e9:00c7:0093:0032:007d:00b9:00ab:0080,00c5:0094:0068:00c0:003e:00cd:001a:0074,61221,29411,IPv6
004e:00d3:00cf:00df:00b1:0092:0094:005d,0044:00e3:00ca:00c9:007e:0072:00b7:0081,27132,43783,IPv6
0044:00e3:00ca:00c9:007e:0072:00b7:0081,004e:00d3:00cf:00df:00b1:0092:0094:005d,43783,27132,IPv6
00c9:00fe:00fa:0075:00a6:008a:0062:0078,0027:00ae:005e:00c0:000c:003a:0062:00d1,26162,43527,IPv6
0027:00ae:005e:00c0:000c:003a:0062:00d1,00c9:00fe:00fa:0075:00a6:008a:0062:0078,43527,26162,IPv6
69.176.71.88,137.199.167.204,59627,28946,IPv4
137.199.167.204,69.176.71.88,28946,59627,IPv4
00cf:003a:00c5:00d3:0044:00c9:00b8:004d,00da:0056:0087:00b3:00b4:007d:00bf:00dd,28857,59777,IPv6
00da:0056:0087:00b3:00b4:007d:00bf:00dd,00cf:003a:00c5:00d3:0044:00c9:00b8:004d,59777,28857,IPv6
173.104.2.135,154.104.26.185,61934,21847,IPv4
154.104.26.185,173.104.2.135,21847,61934,IPv4
36.25.129.143,186.243.197.166,29203,44882,IPv4
186.243.197.166,36.25.129.143,44882,29203,IPv4
222.255.5.3,200.144.250.179,16283,45521,IPv4
200.144.250.179,222.255.5.3,45521,16283,IPv4
001a:00c9:003d:00b2:00a2:00d4:001d:006f,0076:00ed:0003:00e2:00d3:006e:00cb:00f1,32434,24754,IPv6
0076:00ed:0003:00e2:00d3:006e:00cb:00f1,001a:00c9:003d:00b2:00a2:00d4:001d:006f,24754,32434,IPv6
115.158.190.31,72.170.206.104,34984,46686,IPv4
72.170.206.104,115.158.190.31,46686,34984,IPv4
000d:00c5:0003:00cb:0071:0083:00de:0031,0018:00f3:00ce:007b:0046:00a5:00c0:00c2,51726,26926,IPv6
0018:00f3:00ce:007b:0046:00a5:00c0:00c2,000d:00c5:0003:00cb:0071:0083:00de:0031,26926,51726,IPv6
200.183.198.211,48.12.72.70,18304,36721,IPv4
48.12.72.70,200.183.198.211,36721,18304,IPv4
00ac:002d:00f2:0016:00c1:006b:004a:0001,008b:0026:0056:0072:00c9:003a:00fd:00de,62899,13981,IPv6
008b:0026:0056:0072:00c9:003a:00fd:00de,00ac:002d:00f2:0016:00c1:006b:004a:0001,13981,62899,IPv6
178.113.47.64,144.225.72.39,21489,23652,IPv4
144.225.72.39,178.113.47.64,23652,21489,IPv4
0029:00e1:00a9:009d:00a4:009f:00f1:0066,00d5:00e6:0097:0043:0054:001d:00ff:0077,32058,39639,IPv6
00d5:00e6:0097:0043:0054:001d:00ff:0077,0029:00e1:00a9:009d:00a4:009f:00f1:0066,39639,32058,IPv6
00a9:00ce:0006:00da:0013:008d:002f:0028,002d:00d2:00fa:002f:00fa:00c2:009c:0002,5075,17477,IPv6
002d:00d2:00fa:002f:00fa:00c2:009c:0002,00a9:00ce:0006:00da:0013:008d:002f:0028,17477,5075,IPv6
0084:00b1:0046:0092:00ed:001e:0017:0079,00dd:0080:0087:000f:00fa:0043:00f5:00a2,21644,4709,IPv6
00dd:0080:0087:000f:00fa:0043:00f5:00a2,0084:00b1:0046:0092:00ed:001e:0017:0079,4709,21644,IPv6
00ec:000b:0053:00a9:0079:009c:00ac:0023,00b0:00d9:000f:009d:0058:0057:0040:00f6,63800,53149,IPv6
00b0:00d9:000f:009d:0058:0057:0040:00f6,00ec:000b:0053:00a9:0079:009c:00ac:0023,53149,63800,IPv6
6.221.234.84,107.89.167.198,64702,21448,IPv4
107.89.167.198,6.221.234.84,21448,64702,IPv4
00f7:0077:0018:0043:005b:00e5:00ab:007e,0048:00b9:00db:00f8:0071:00b2:00a8:00b4,35015,37282,IPv6
0048:00b9:00db:00f8:0071:00b2:00a8:00b4,00f7:0077:0018:0043:005b:00e5:00ab:007e,37282,35015,IPv6
00c9:0045:00de:005c:00d1:000d:001f:003f,0073:00d5:0073:0018:00c9:008f:0008:0055,35279,58185,IPv6
0073:00d5:0073:0018:00c9:008f:0008:0055,00c9:0045:00de:005c:00d1:000d:001f:003f,58185,35279,IPv6
37.155.83.41,104.55.237.61,26306,33837,IPv4
104.55.237.61,37.155.83.41,33837,26306,IPv4
162.208.71.242,219.181.9.79,9692,64645,IPv4
219.181.9.79,162.208.71.242,64645,9692,IPv4
114.29.160.99,142.29.75.56,1440,60043,IPv4
142.29.75.56,114.29.160.99,60043,1440,IPv4
006d:009f:00b3:0026:004f:0065:0053:00b5,0076:00a2:0039:003a:0089:003a:0056:002d,13230,55818,IPv6
0076:00a2:0039:003a:0089:003a:0056:002d,006d:009f:00b3:0026:004f:0065:0053:00b5,55818,13230,IPv6
002a:0005:00f5:00e6:00cd:0053:0033:000d,0018:0077:003d:00af:00e5:0032:005e:00a3,16894,7400,IPv6
0018:0077:003d:00af:00e5:0032:005e:00a3,002a:0005:00f5:00e6:00cd:0053:0033:000d,7400,16894,IPv6
43.226.145.102,59.123.28.231,2658,1806,IPv4
59.123.28.231,43.226.145.102,1806,2658,IPv4
122.122.76.79,70.24.19.105,24705,12895,IPv4
70.24.19.105,122.122.76.79,12895,24705,IPv4
00ba:001f:0035:00e4:0060:0033:002f:0053,007d:0064:00f3:002e:003b:0024:00e1:007a,34508,11321,IPv6
007d:0064:00f3:002e:003b:0024:00e1:007a,00ba:001f:0035:00e4:0060:0033:002f:0053,11321,34508,IPv6
0042:0023:00d5:0098:00cb:0049:009d:0081,00df:0040:00f6:00a2:009b:0049:0052:003b,27121,8015,IPv6
00df:0040:00f6:00a2:009b:0049:0052:003b,0042:0023:00d5:0098:00cb:0049:009d:0081,8015,27121,IPv6
29.239.107.31,17.218.100.79,19769,64167,IPv4
17.218.100.79,29.239.107.31,64167,19769,IPv4
006c:00b3:0002:0099:00e7:0054:0099:0085,003e:005d:0068:0007:00cc:00b0:00a6:005b,299,16046,IPv6
003e:005d:0068:0007:00cc:00b0:00a6:005b,006c:00b3:0002:0099:00e7:0054:0099:0085,16046,299,IPv6
0030:0084:0017:0035:00a5:0067:0007:00b5,00ae:0060:00c8:00a9:005c:0089:00ac:00ef,40212,19807,IPv6
00ae:0060:00c8:00a9:005c:0089:00ac:00ef,0030:0084:0017:0035:00a5:0067:0007:00b5,19807,40212,IPv6
0006:00df:0004:00f2:0099:0010:008f:0081,0088:00c5:00db:0047:003b:0039:00b7:007f,54491,4205,IPv6
0088:00c5:00db:0047:003b:0039:00b7:007f,0006:00df:0004:00f2:0099:0010:008f:0081,4205,54491,IPv6
00da:005c:0012:0023:00d1:0057:009d:00be,0050:009f:00b1:00a1:0085:00cd:009a:0016,22876,25946,IPv6
0050:009f:00b1:00a1:0085:00cd:009a:0016,00da:005c:0012:0023:00d1:0057:009d:00be,25946,22876,IPv6
28.211.250.195,154.215.128.229,24535,8316,IPv4
154.215.128.229,28.211.250.195,8316,24535,IPv4
199.102.128.31,91.239.226.31,60155,33430,IPv4
91.239.226.31,199.102.128.31,33430,60155,IPv4
00d8:009e:00e1:00d7:0090:00a8:00be:008a,00f8:004c:0045:0043:0049:00e8:0043:00f7,56479,20295,IPv6
00f8:004c:0045:0043:0049:00e8:0043:00f7,00d8:009e:00e1:00d7:0090:00a8:00be:008a,20295,56479,IPv6
125.23.66.158,23.79.44.232,19642,48262,IPv4
23.79.44.232,125.23.66.158,48262,19642,IPv4
0004:002d:0078:00b7:00e0:004d:00c8:00c9,00ea:0071:00a5:0085:00e6:00b0:00a1:0008,58121,26491,IPv6
00ea:0071:00a5:0085:00e6:00b0:00a1:0008,0004:002d:0078:00b7:00e0:004d:00c8:00c9,26491,58121,IPv6
003e:00bb:0007:00a0:00f2:0091:0050:00ed,00d8:00b1:004a:001d:00ca:00d0:0018:00a7,46667,53341,IPv6
00d8:00b1:004a:001d:00ca:00d0:0018:00a7,003e:00bb:0007:00a0:00f2:0091:0050:00ed,53341,46667,IPv6
00f4:00d5:0033:0016:0057:002a:00e1:00aa,0070:0007:009c:00f2:00d4:0007:0078:0074,46945,10750,IPv6
0070:0007:009c:00f2:00d4:0007:0078:0074,00f4:00d5:0033:0016:0057:002a:00e1:00aa,10750,46945,IPv6
005f:003e:00ab:0067:00dd:0097:00f0:0088,00d3:0048:00fb:009c:002f:00fd:00c5:0073,12869,59153,IPv6
00d3:0048:00fb:009c:002f:00fd:00c5:0073,005f:003e:00ab:0067:00dd:0097:00f0:0088,59153,12869,IPv6
0059:007c:0061:001f:00d9:00ab:008c:008d,002f:0049:00a8:008e:0080:000c:00a3:00d1,10808,41713,IPv6
002f:0049:00a8:008e:0080:000c:00a3:00d1,0059:007c:0061:001f:00d9:00ab:008c:008d,41713,10808,IPv6
0099:009a:00f3:0036:00d2:00b9:009b:0060,0095:005f:008c:00fa:004d:004a:00d1:00ef,19536,62888,IPv6
0095:005f:008c:00fa:004d:004a:00d1:00ef,0099:009a:00f3:0036:00d2:00b9:009b:0060,62888,19536,IPv6
00eb:00ce:009b:00d8:00ff:005d:00dd:008f,0034:0071:009a:0033:0099:00c6:00fd:00a6,10136,32334,IPv6
0034:0071:009a:0033:0099:00c6:00fd:00a6,00eb:00ce:009b:00d8:00ff:005d:00dd:008f,32334,10136,IPv6
193.204.1.130,106.93.38.181,42287,39338,IPv4
106.93.38.181,193.204.1.130,39338,42287,IPv4
00e1:0071:0023:0006:00b2:0010:0065:00c3,004d:007f:0041:005e:009a:0022:003c:0091,2903,59474,IPv6
004d:007f:0041:005e:009a:0022:003c:0091,00e1:0071:0023:0006:00b2:0010:0065:00c3,59474,2903,IPv6
86.73.140.52,99.242.162.81,57605,13143,IPv4
99.242.162.81,86.73.140.52,13143,57605,IPv4
0065:0089:0075:0066:0069:0021:001b:007d,005b:0098:003d:0065:00e6:003e:003c:0042,51941,35666,IPv6
005b:0098:003d:0065:00e6:003e:003c:0042,0065:0089:0075:0066:0069:0021:001b:007d,35666,51941,IPv6
0015:0039:00be:0004:00b8:0030:001b:0068,0087:00d0:0021:0016:00fa:00ae:0008:00b7,18590,51822,IPv6
0087:00d0:0021:0016:00fa:00ae:0008:00b7,0015:0039:00be:0004:00b8:0030:001b:0068,51822,18590,IPv6
184.156.123.123,145.175.76.129,23862,19286,IPv4
145.175.76.129,184.156.123.123,19286,23862,IPv4
0027:0095:00d8:003b:00c8:00d9:0009:0035,0037:004f:0057:00fb:0080:0087:00de:00fc,26663,57397,IPv6
0037:004f:0057:00fb:0080:0087:00de:00fc,0027:0095:00d8:003b:00c8:00d9:0009:0035,57397,26663,IPv6
225.185.249.1,75.163.63.12,63821,17884,IPv4
75.163.63.12,225.185.249.1,17884,63821,IPv4
0025:00d7:0043:00fe:0092:0055:0006:0049,0081:0005:009c:00bc:0080:00d3:0079:001a,34142,7493,IPv6
0081:0005:009c:00bc:0080:00d3:0079:001a,0025:00d7:0043:00fe:0092:0055:0006:0049,7493,34142,IPv6
0003:00e6:008f:0098:0083:00e6:0059:009d,009c:00a3:00a9:0035:005a:00a1:0001:00d3,7689,2712,IPv6
009c:00a3:00a9:0035:005a:00a1:0001:00d3,0003:00e6:008f:0098:0083:00e6:0059:009d,2712,7689,IPv6
0046:0084:00eb:0065:00db:0037:0073:0063,001a:003c:0001:00e4:0058:00cf:00b1:00d4,27005,354,IPv6
001a:003c:0001:00e4:0058:00cf:00b1:00d4,0046:0084:00eb:0065:00db:0037:0073:0063,354,27005,IPv6
153.47.23.248,11.126.1.209,24813,61815,IPv4
11.126.1.209,153.47.23.248,61815,24813,IPv4
005b:00fb:000c:00e9:0009:0005:00f6:00b1,0006:0043:0099:001f:005e:00ab:00a4:0091,37250,13042,IPv6
0006:0043:0099:001f:005e:00ab:00a4:0091,005b:00fb:000c:00e9:0009:0005:00f6:00b1,13042,37250,IPv6
56.71.74.106,40.119.134.159,56337,60821,IPv4
40.119.134.159,56.71.74.106,60821,56337,IPv4
0060:0079:00e2:005d:00b5:0085:0056:0053,005e:00b0:00c2:0070:0072:00ce:00ac:00a5,17828,63474,IPv6
005e:00b0:00c2:0070:0072:00ce:00ac:00a5,0060:0079:00e2:005d:00b5:0085:0056:0053,63474,17828,IPv6
138.217.74.68,60.125.250.233,49601,26802,IPv4
60.125.250.233,138.217.74.68,26802,49601,IPv4