00af:0060:00e5:0085:003c:0099:00cc:000b,009d:003e:004e:00c9:00ca:0092:0067:00c2,14826,42741,IPv6
009d:003e:004e:00c9:00ca:0092:0067:00c2,00af:0060:00e5:0085:003c:0099:00cc:000b,42741,14826,IPv6
58.222.203.213,140.250.135.72,30921,25056,IPv4
140.250.135.72,58.222.203.213,25056,30921,IPv4
244.164.3.121,156.88.79.172,64474,65127,IPv4
156.88.79.172,244.164.3.121,65127,64474,IPv4
126.196.4.80,204.219.214.91,36978,47519,IPv4
204.219.214.91,126.196.4.80,47519,36978,IPv4
167.142.203.124,38.177.86.148,51046,6587,IPv4
38.177.86.148,167.142.203.124,6587,51046,IPv4
002c:001a:003a:00c3:003b:009b:00bc:00cc,006b:0026:00db:001b:00fd:00ba:0017:0060,7687,17569,IPv6
006b:0026:00db:001b:00fd:00ba:0017:0060,002c:001a:003a:00c3:003b:009b:00bc:00cc,17569,7687,IPv6
31.2.116.222,110.62.80.18,29632,11103,IPv4
110.62.80.18,31.2.116.222,11103,29632,IPv4
00e4:00c1:006f:00fd:0031:00f6:0045:00d1,003a:008e:0086:0052:00c5:0079:00d7:00c3,33391,55070,IPv6
003a:008e:0086:0052:00c5:0079:00d7:00c3,00e4:00c1:006f:00fd:0031:00f6:0045:00d1,55070,33391,IPv6
238.8.22.243,86.122.246.157,46828,41345,IPv4
86.122.246.157,238.8.22.243,41345,46828,IPv4
250.65.24.70,84.209.216.19,43261,26434,IPv4
84.209.216.19,250.65.24.70,26434,43261,IPv4
162.241.74.37,50.2.138.244,22911,2251,IPv4
50.2.138.244,162.241.74.37,2251,22911,IPv4
0089:00cc:00d8:0063:00d7:00a4:00aa:00cc,0007:00b2:00f4:00f8:00d1:0057:0075:002d,7970,26653,IPv6
0007:00b2:00f4:00f8:00d1:0057:0075:002d,0089:00cc:00d8:0063:00d7:00a4:00aa:00cc,26653,7970,IPv6
85.77.178.60,188.248.187.57,22923,14873,IPv4
188.248.187.57,85.77.178.60,14873,22923,IPv4
0092:0078:006a:0016:00d8:0089:00d1:0055,00d6:0084:001a:009c:0041:00a2:0061:007f,15291,37589,IPv6
00d6:0084:001a:009c:0041:00a2:0061:007f,0092:0078:006a:0016:00d8:0089:00d1:0055,37589,15291,IPv6
0062:00ee:0048:009a:0059:006f:00e7:0068,0007:0067:0004:00b7:00e9:00eb:0055:00b4,51027,36177,IPv6
0007:0067:0004:00b7:00e9:00eb:0055:00b4,0062:00ee:0048:009a:0059:006f:00e7:0068,36177,51027,IPv6
181.97.244.107,204.46.158.31,37682,29974,IPv4
204.46.158.31,181.97.244.107,29974,37682,IPv4
43.129.214.72,215.122.204.104,10521,1329,IPv4
215.122.204.104,43.129.214.72,1329,10521,IPv4
125.57.14.61,222.85.242.190,38501,53620,IPv4
222.85.242.190,125.57.14.61,53620,38501,IPv4
30.193.38.201,245.40.68.247,48879,61261,IPv4
245.40.68.247,30.193.38.201,61261,48879,IPv4
00ca:00d2:0050:0066:0077:003b:000c:002e,0012:00e3:00b4:0057:005c:0014:00d6:00f2,143,46517,IPv6
0012:00e3:00b4:0057:005c:0014:00d6:00f2,00ca:00d2:0050:0066:0077:003b:000c:002e,46517,143,IPv6
180.144.84.12,37.206.89.124,3463,9593,IPv4
37.206.89.124,180.144.84.12,9593,3463,IPv4
247.111.181.201,195.155.126.202,24215,8188,IPv4
195.155.126.202,247.111.181.201,8188,24215,IPv4
183.240.142.149,93.154.212.88,42719,59836,IPv4
93.154.212.88,183.240.142.149,59836,42719,IPv4
26.114.64.64,121.195.107.52,14153,17494,IPv4
121.195.107.52,26.114.64.64,17494,14153,IPv4
70.57.232.22,112.152.124.105,394,42243,IPv4
112.152.124.105,70.57.232.22,42243,394,IPv4
00f4:00fc:0077:00b2:0040:009f:0058:00c6,0026:00a7:0047:0042:00b4:006c:0094:0064,18605,5819,IPv6
0026:00a7:0047:0042:00b4:006c:0094:0064,00f4:00fc:0077:00b2:0040:009f:0058:00c6,5819,18605,IPv6
007b:00b4:0054:0038:00e4:001e:0084:007a,0087:000b:008e:0058:0019:0001:0021:00eb,24435,61903,IPv6
0087:000b:008e:0058:0019:0001:0021:00eb,007b:00b4:0054:0038:00e4:001e:0084:007a,61903,24435,IPv6
0074:0082:003c:00df:00e8:0048:0075:00d1,0043:00fa:0086:007d:0031:0096:00ba:00fd,45393,5102,IPv6
0043:00fa:0086:007d:0031:0096:00ba:00fd,0074:0082:003c:00df:00e8:0048:0075:00d1,5102,45393,IPv6
52.61.254.48,194.249.154.90,25511,60729,IPv4
194.249.154.90,52.61.254.48,60729,25511,IPv4
0096:0039:00b5:00c4:009f:00d8:004a:00e6,00dd:007a:00a2:0010:0002:007c:005c:00fa,3539,40363,IPv6
00dd:007a:00a2:0010:0002:007c:005c:00fa,0096:0039:00b5:00c4:009f:00d8:004a:00e6,40363,3539,IPv6
217.160.215.16,28.51.63.179,2788,43155,IPv4
28.51.63.179,217.160.215.16,43155,2788,IPv4
81.124.59.246,63.141.34.223,2086,14447,IPv4
63.141.34.223,81.124.59.246,14447,2086,IPv4
0084:0041:006d:00d2:00ec:00df:00af:008d,009a:0050:0053:006f:0037:00b6:001f:0009,8581,5847,IPv6
009a:0050:0053:006f:0037:00b6:001f:0009,0084:0041:006d:00d2:00ec:00df:00af:008d,5847,8581,IPv6
0070:0027:0039:0025:00c7:00a2:00d7:0002,00f7:00b8:0064:0047:0075:00fd:00d1:00e4,33413,19944,IPv6
00f7:00b8:0064:0047:0075:00fd:00d1:00e4,0070:0027:0039:0025:00c7:00a2:00d7:0002,19944,33413,IPv6
225.34.9.246,42.67.77.111,28209,30565,IPv4
42.67.77.111,225.34.9.246,30565,28209,IPv4
0029:00e7:00b6:00bf:0012:0022:0020:002d,002b:0012:00ae:004e:0039:006a:0016:0081,50444,60576,IPv6
002b:0012:00ae:004e:0039:006a:0016:0081,0029:00e7:00b6:00bf:0012:0022:0020:002d,60576,50444,IPv6
193.161.243.121,57.252.17.159,23802,20302,IPv4
57.252.17.159,193.161.243.121,20302,23802,IPv4
2.187.254.147,3.233.169.213,60165,11695,IPv4
3.233.169.213,2.187.254.147,11695,60165,IPv4
145.6.112.192,39.43.74.55,15158,37159,IPv4
39.43.74.55,145.6.112.192,37159,15158,IPv4
108.100.233.86,227.12.187.15,2941,62061,IPv4
227.12.187.15,108.100.233.86,62061,2941,IPv4
00d7:00ae:0050:0052:00ec:005e:00a3:00f5,00d9:005a:00e9:0031:0050:0068:0094:00ff,25900,42957,IPv6
00d9:005a:00e9:0031:0050:0068:0094:00ff,00d7:00ae:0050:0052:00ec:005e:00a3:00f5,42957,25900,IPv6
184.168.40.244,191.145.237.110,3910,10642,IPv4
191.145.237.110,184.168.40.244,10642,3910,IPv4
248.254.47.157,82.5.33.78,28835,59409,IPv4
82.5.33.78,248.254.47.157,59409,28835,IPv4
79.167.114.102,31.39.99.153,27015,50753,IPv4
31.39.99.153,79.167.114.102,50753,27015,IPv4
135.232.45.237,91.49.150.87,48096,37307,IPv4
91.49.150.87,135.232.45.237,37307,48096,IPv4
0043:00db:0024:0091:006c:00c7:00f7:0098,003e:00ce:003a:0065:0031:00ca:006e:001e,342,44881,IPv6
003e:00ce:003a:0065:0031:00ca:006e:001e,0043:00db:0024:0091:006c:00c7:00f7:0098,44881,342,IPv6
0010:000c:0019:003c:00e1:00c7:000c:00c7,005d:00b5:0082:00dc:004c:0007:0043:000d,20608,33602,IPv6
005d:00b5:0082:00dc:004c:0007:0043:000d,0010:000c:0019:003c:00e1:00c7:000c:00c7,33602,20608,IPv6
249.77.148.238,194.99.165.148,1426,1176,IPv4
194.99.165.148,249.77.148.238,1176,1426,IPv4
203.171.162.221,95.190.117.137,14387,27711,IPv4
95.190.117.137,203.171.162.221,27711,14387,IPv4
225.27.55.254,160.66.201.7,5058,59675,IPv4
160.66.201.7,225.27.55.254,59675,5058,IPv4