134.232.25.203,212.143.81.153,58256,59865,IPv4
00ca:0015:0005:000a:00e3:0099:00b3:0040,00ff:0084:0078:00bb:00e5:008b:00df:00c6,9662,33664,IPv6
004d:00a0:00d4:00c6:00aa:006c:00b4:0033,000b:0050:0062:00b1:0073:009a:008e:005d,10854,3260,IPv6
00dc:0080:0054:007c:0059:00f9:0023:007f,00d9:00da:0065:0005:0027:00d5:0019:0044,25009,5702,IPv6
112.240.48.92,67.198.81.70,52897,48923,IPv4
118.253.106.146,57.64.63.2,45033,47590,IPv4
006f:00d3:0066:002a:004e:0035:006c:005b,00d9:00f0:00df:0041:00f2:00e2:003f:009f,43027,38441,IPv6
00a2:004f:00bd:00cf:009f:0085:0023:008a,00c6:0012:000a:00c0:0002:0082:001a:0077,40462,38643,IPv6
008f:0065:002b:005e:0049:002e:000c:00a2,0043:009a:00ee:0051:001b:00b1:0011:00e5,2567,50678,IPv6
19.11.47.197,49.168.51.109,64150,28239,IPv4
154.244.234.100,40.58.2.170,14867,39112,IPv4
008d:00db:0017:00e7:008b:0090:0015:0051,00ad:007a:00d1:00e2:007c:0084:00d0:008f,59112,3736,IPv6
217.57.204.9,142.251.112.250,43711,31736,IPv4
63.149.45.167,12.17.164.220,50655,32974,IPv4
0051:00c4:00f4:0006:00c1:00f8:0072:00a0,00c1:00c2:00b1:0066:0034:0065:0077:00e5,53319,7370,IPv6
0091:006d:00b4:00ce:003a:004b:00f0:00aa,00e8:00b0:00ca:00bc:003a:0024:006c:00d2,62810,59166,IPv6
156.168.60.124,28.45.170.112,49464,20825,IPv4
00b6:0054:007d:0030:00ad:00f6:0083:0059,0056:00c5:00f8:00f0:00a5:0019:00f5:00b4,36767,9440,IPv6
52.192.151.135,6.156.227.174,29722,9515,IPv4
004e:0034:00ce:0096:00c6:007f:004f:0089,00a2:0057:0085:005c:0051:00cf:001a:0062,51438,55859,IPv6
007a:0024:007c:00bb:005b:0007:000f:0020,009c:00b8:0009:009e:0081:00f6:007e:004e,36998,24300,IPv6
156.41.198.151,89.92.198.40,36848,58989,IPv4
00ff:0070:00ee:00dd:0037:0002:00df:0045,0026:00ba:009a:00a3:001e:008e:00d0:00a6,34099,50034,IPv6
0074:0031:0089:0034:00fb:0062:0058:007b,0061:003c:0080:00ae:00eb:00dd:0015:00dc,6990,63181,IPv6
161.230.94.172,226.13.194.83,23175,42137,IPv4
108.87.28.151,253.174.16.141,44955,12768,IPv4
124.59.229.249,245.79.184.139,3057,61065,IPv4
0030:00b3:00a8:0019:0064:0076:0097:0070,0094:0067:006a:0048:0019:0045:001c:0055,7351,28071,IPv6
137.68.230.45,166.114.60.223,21627,10381,IPv4
211.58.204.179,173.130.21.183,65064,54687,IPv4
0097:00d7:0075:0007:0010:0034:0091:00a9,0069:004b:0050:00d1:00b9:00eb:0043:00f7,17899,21825,IPv6
000a:000b:0093:00bc:00b0:004d:0012:0055,00dd:0087:0085:006d:00b0:00fe:00be:008f,49451,12243,IPv6
0060:009f:0014:00c5:00ac:008f:00cb:007c,00d8:007c:0060:009c:00d9:00c6:0066:00f4,48734,52663,IPv6
0048:003a:001b:0099:0092:0074:0031:00e8,00d0:0060:0002:00de:00bd:006f:0096:000f,23671,7671,IPv6
007c:0053:00d7:00dc:002a:00e9:00f6:00ab,00ea:00a7:00d2:007d:007d:00b9:008e:0092,34793,38507,IPv6
44.14.127.21,169.96.199.86,46047,46088,IPv4
228.20.199.105,238.187.134.125,12534,53326,IPv4
204.214.71.158,110.22.212.89,18860,27878,IPv4
159.11.74.227,131.1.232.13,1458,29390,IPv4
00c5:0018:0097:00f5:005a:0038:008c:0049,006c:00fb:0076:00af:0082:0039:00ad:00a3,62860,45270,IPv6
00f1:005b:00f6:00ea:00ea:00a7:0025:0086,0040:00a1:009f:0081:0015:0098:0003:006d,27464,64437,IPv6
00b8:00f2:00f3:00f2:0048:0023:0087:008f,006f:002b:00d1:0093:0074:0070:0030:007b,21461,53776,IPv6
233.39.62.236,220.114.84.241,63917,13462,IPv4
0022:003d:0064:008f:006f:0001:0035:00f4,00a1:00cb:0010:0040:00d5:004b:00aa:0087,7551,57655,IPv6
005a:0081:007c:0092:004f:0080:0086:003a,00de:00e4:0025:00b6:00c9:000e:0068:00dd,26018,47520,IPv6
007e:0045:0049:00fa:0070:0006:004d:00a6,0018:000c:00dd:008d:0021:00c9:0048:00ff,30186,9554,IPv6
8.126.234.216,101.160.7.7,29760,7814,IPv4
12.108.50.177,216.94.86.195,2396,4679,IPv4
005e:002a:000c:001a:00c8:0094:0016:0009,006d:00a7:0087:0006:0015:002f:00d2:0071,37881,46682,IPv6
97.57.220.222,220.171.56.161,22387,47329,IPv4
00ed:0004:00a4:00a4:008e:005a:00dc:00b5,0092:0026:0004:0049:0019:0066:00a5:008c,32437,33078,IPv6
0075:0020:00b8:00a0:004b:00f5:0093:00d6,003f:00fb:0064:006b:00c2:0041:00fc:002c,18959,58723,IPv6
00fb:0040:00e8:00a0:0090:00eb:00a6:00e7,002e:009d:004d:00a4:00a6:000a:00df:0037,17773,48496,IPv6
00ea:0094:00e5:0089:008d:00a2:002e:0062,00ff:0086:002d:0042:0058:004a:00f3:003a,13864,33581,IPv6
002e:00ec:0045:00df:00d1:007c:003d:0047,00a3:00a9:00b0:00a8:0040:001c:005e:005c,30939,34703,IPv6
00ac:0047:0069:00e4:0021:0040:00be:00a3,00cb:0087:0020:004c:003f:000b:000e:0008,27751,61478,IPv6
007e:00db:00c9:00a0:002b:00b3:004e:0009,001a:00bd:00b4:00ea:0059:009e:0026:0009,55342,11479,IPv6
006d:0043:006e:002f:00f0:00cc:0020:00a7,00ae:00a9:0065:0075:0094:0043:00c2:005c,240,33579,IPv6
226.63.174.111,65.189.159.182,1803,36561,IPv4
0018:0057:0070:004c:0065:002b:002f:0038,0079:00f8:00f1:0018:0024:004f:00f9:008d,6034,18331,IPv6
0027:0079:00cd:00af:0052:0050:0001:00ea,00d0:0012:004a:0057:00ca:0052:00be:004f,55427,19803,IPv6
24.136.87.208,13.49.253.241,38621,35387,IPv4
0033:0016:00f3:0084:00af:001d:00cf:003c,00fa:00d1:00b3:0051:00d6:004b:00e5:0037,44837,60680,IPv6
222.222.83.115,67.250.39.106,8199,50597,IPv4
76.139.220.81,110.100.69.253,45625,51188,IPv4
219.240.244.181,54.156.9.234,35724,18198,IPv4
148.87.120.87,188.130.86.92,59970,39688,IPv4
220.153.166.195,58.221.38.3,18709,49994,IPv4
227.236.201.169,108.78.15.131,44662,9117,IPv4
182.7.128.131,161.207.155.252,57007,48741,IPv4
91.151.219.186,62.133.100.145,46633,6994,IPv4
00bd:004f:0053:00d3:008d:0009:00ea:00d3,009b:007c:00bd:00db:0041:0099:0024:0030,59584,58186,IPv6
191.247.99.175,86.19.236.175,45184,51638,IPv4
52.204.152.12,183.203.132.154,30027,4934,IPv4
115.189.207.251,108.106.102.185,43526,9877,IPv4
132.157.67.111,225.171.168.25,9915,56332,IPv4
00d2:00d6:00be:0020:0026:00cf:00a0:00b8,00d1:0072:003e:001f:0088:0064:003a:0064,6257,53525,IPv6
53.163.13.110,122.18.68.138,27602,46327,IPv4
00cc:00ce:00d1:003a:002e:0020:0076:001e,004c:00e2:00f8:0056:00fa:00e7:0099:000d,33666,58196,IPv6
00b6:007f:00ba:0010:00ad:008d:00e5:005f,0059:0087:0091:0096:005a:00dc:00fc:0031,51587,45651,IPv6
0058:00b0:00ec:0019:0067:004e:0094:00f9,00cf:00e4:0015:0004:00f5:0071:00fe:0012,51609,15412,IPv6
243.114.117.176,201.214.144.95,36314,24208,IPv4
00b7:004e:0066:0029:00f9:0074:00d0:00d4,00b3:0043:00f0:003e:002e:00ef:00d5:0094,9266,52521,IPv6
246.178.20.164,222.65.141.128,30744,56247,IPv4
003a:00ac:009d:0067:003c:000e:00b9:006a,003f:006c:00e6:00f0:00f6:00d5:0006:0003,57374,50732,IPv6
218.8.142.18,176.82.114.228,22832,31276,IPv4
009f:0051:0041:00d8:002d:0018:003c:00c9,0058:00b6:0042:0098:0034:00fe:00ca:0080,18446,57302,IPv6
46.9.16.187,186.210.243.133,34028,8480,IPv4
0021:00d2:00e9:00df:00dd:002d:00ee:0004,004e:0003:0019:002f:00e1:003b:00d6:0093,8313,61828,IPv6
002a:0090:0091:0054:00de:0070:0066:00c7,0019:004d:0036:003b:00ce:0030:00bf:0056,51531,47461,IPv6
0041:00c2:001f:0004:00ac:005e:006f:0079,00cb:00fc:0077:005a:0093:0079:004f:00a3,16398,34987,IPv6
0026:00f5:009b:0010:00fc:00fd:00d7:00a7,0074:0059:0023:00c6:003a:0006:0050:0004,20304,6455,IPv6
11.157.140.87,204.220.99.82,28741,63852,IPv4
174.195.38.104,81.47.162.122,65247,43716,IPv4
00a0:004f:00d5:0096:000d:0090:0051:0099,009e:00a1:008a:008c:0017:0032:00ee:0093,11171,16920,IPv6
124.19.32.133,24.234.85.238,19811,40375,IPv4
00e9:004f:00df:00c4:003a:0020:0094:001f,001f:0065:0073:00d2:009a:008f:00ee:00c8,56138,53184,IPv6
205.226.103.130,90.119.100.70,17480,55364,IPv4
00ef:0077:00f7:0089:00c9:00ae:009e:00f5,00b4:002e:0028:0027:0020:0095:006b:0061,47363,38186,IPv6
00d7:00a7:0089:008b:00a9:009f:0096:00c3,0077:00a3:004d:002a:0098:00c0:0040:00d6,12689,33445,IPv6
124.14.91.105,189.202.136.225,38767,59911,IPv4
007a:0039:00c3:0001:009c:0007:00b7:00bf,00a8:00b5:00b7:00e6:001f:0063:0045:00a5,21350,39904,IPv6
00f4:0077:0051:00fb:0011:0026:0006:0049,00d7:00fe:001c:007d:00dd:009e:0050:0056,55703,64133,IPv6
0070:002c:0040:0020:00a1:0017:00ea:0016,0076:0077:0003:0074:0043:00a2:0079:0021,46122,62355,IPv6
006e:0085:00dc:0023:0081:00d6:00e6:00fd,003e:0001:0091:00f6:0080:005b:003d:00e2,21463,23984,IPv6
179.55.252.56,157.136.21.201,32794,30276,IPv4
0098:00ad:0042:0058:00b2:0078:0074:00f3,00ea:0046:00be:001e:001e:002a:007e:00dc,12474,16692,IPv6
0021:0086:00ea:009d:0075:00dd:0055:0003,0064:0080:0053:00a0:0029:003b:0064:0026,37014,56604,IPv6
000d:000c:0024:00dd:00e2:0090:0030:0009,005e:003a:0086:00bc:0098:003a:005a:000b,8274,21481,IPv6
116.115.101.145,116.195.112.81,2190,20791,IPv4
40.98.109.32,125.1.80.104,43610,45014,IPv4
00f3:007f:00ad:005d:000d:007a:00df:0023,00e2:001f:00f3:00e5:00f2:0011:0074:0045,1760,31373,IPv6
0070:0052:00a4:00ad:0066:0048:00dd:0095,0061:00be:00e9:0019:000b:0041:00f4:002b,54437,34532,IPv6
74.230.51.35,253.245.90.117,42446,43865,IPv4
00c5:00b2:004a:0019:0086:003a:0036:0066,0003:0019:0019:0078:005a:0075:004f:00f6,1283,12481,IPv6
0008:00ea:0040:00a8:0085:00a1:00ca:00fd,0047:0031:00ce:008e:0071:00f5:002e:002f,22794,63726,IPv6
004d:004d:0030:00d7:0047:005d:00b5:0006,0079:0065:00a8:0058:0005:0032:00d7:003b,38674,18345,IPv6
46.57.225.46,160.102.148.89,54225,146,IPv4
50.139.37.15,143.112.218.146,25461,36160,IPv4
0067:0003:00eb:00a1:00b7:00f8:0057:00fc,0097:000f:00e7:0043:0055:0004:0098:00fb,44557,38842,IPv6
00a8:001d:0087:003b:00b6:002e:0020:00e6,0071:005b:000f:0013:00eb:0033:0013:0018,46619,1690,IPv6
162.31.61.32,161.244.246.138,7699,60418,IPv4
48.242.105.229,173.166.94.52,44006,14746,IPv4
0061:001c:0072:0080:0040:00b6:0038:00b2,0067:00e7:00c2:004c:00df:0034:00e5:007a,4865,56761,IPv6
0005:00fe:0006:006a:00e8:0098:008a:0056,0008:00fb:006c:008e:0033:0009:00c8:0080,13379,53036,IPv6
00a8:008e:00ef:0063:00b6:00b7:002b:0019,0061:0011:00f5:00cd:0058:004f:007b:00b6,38237,31498,IPv6
00d6:0014:00a6:00dc:00c2:0052:00d0:006c,0052:00c4:00bb:0051:009b:00d6:0081:00d1,44668,12231,IPv6
00c2:0039:00c6:00bf:00a0:00ee:0047:0054,00e3:00c7:0053:0051:0085:00b4:000c:0007,20779,55142,IPv6
001e:00e6:0041:0069:0082:00cb:002b:0070,00fe:00d3:00ef:0045:000e:0014:006e:008b,33878,48658,IPv6
64.206.232.37,2.191.154.211,61752,14082,IPv4
007d:0034:003f:00a3:0071:0035:0012:007e,00c8:000b:006d:0079:0086:0052:00d5:000e,60954,29775,IPv6
0022:004b:002d:0077:00bb:0099:0038:00eb,0009:0040:004a:0088:005d:0023:0072:0020,9089,12849,IPv6
0091:00fa:00f9:00a8:00fb:005b:00ca:00bf,00bc:0060:00f3:004d:00e1:007a:0038:00a0,4772,46364,IPv6
10.165.153.171,228.27.72.29,57417,19799,IPv4
00ca:00d9:0081:008c:00d6:0026:0053:00fb,00a8:0026:00cb:00d9:005e:00b7:0065:007d,24831,2740,IPv6
00da:0038:0007:00a3:0020:00fb:007e:0058,0043:0022:0062:00fe:0019:009b:0086:0031,18659,52027,IPv6
7.30.184.63,182.213.128.217,40018,12346,IPv4
0071:0004:007d:008d:00c7:00dc:0069:00b6,00fb:0021:0051:00d8:00db:0002:0052:006a,23183,54749,IPv6
167.1.229.238,83.211.33.238,11664,20586,IPv4
0095:0072:007b:00bd:00c4:004e:0025:0016,00e5:0068:003f:0010:00dd:006f:0060:003b,1832,41012,IPv6
0004:004c:00fa:00cb:00cb:00d4:0069:001a,003c:0054:000e:00a6:000b:0001:0033:007c,54415,41161,IPv6
0093:0089:0022:00a3:004d:00aa:007f:0039,006b:000a:0064:001d:00ac:00bb:00b2:009e,64755,37727,IPv6
229.139.173.112,14.68.12.168,60831,12800,IPv4
00a5:00e1:0020:00d1:00d4:0027:00a8:00de,00d3:0017:00e2:002e:0031:0004:0091:009a,41845,25002,IPv6
21.102.212.243,175.164.216.207,16553,31913,IPv4
97.236.96.244,7.250.180.23,9927,22576,IPv4
00fa:007f:0031:003e:0061:0093:0082:0085,0092:00ed:00d3:0081:004b:00bb:00ef:00b4,21655,17489,IPv6
00cb:0070:0016:0080:008c:003a:00e0:00ff,009d:00c3:003f:0097:0070:00ee:0060:0097,38381,3448,IPv6
00f6:004d:006a:00a7:0047:00ad:0065:000d,00b6:008f:008f:00c5:00ca:004f:0001:0050,28161,38220,IPv6
007f:000f:00ef:00fb:00df:0022:004d:0055,004e:00c9:00b5:00a1:00a6:0046:005d:00d6,43406,58908,IPv6
002f:007f:0053:004a:00e8:00ce:003b:0099,005f:004a:0033:00b9:00f1:0093:007f:0083,13574,11605,IPv6
0004:001c:00ff:00ce:00d2:00e3:00d2:0019,00c7:0042:001f:00f4:00fb:0054:0076:000e,32260,23687,IPv6
00ab:0041:0012:00dc:0074:009d:0014:00fe,000c:00b2:00c3:00c8:00be:00ab:0013:007c,12197,29634,IPv6
0058:00ec:00c0:0021:00e3:006d:0084:001d,00ca:00f9:0022:00a4:00c3:009f:00d2:0008,1059,16101,IPv6
00e3:00c8:0026:00d8:0084:0025:0067:00a0,005f:00c4:00be:0035:0048:00d5:0029:00bc,48970,12135,IPv6
46.1.90.126,121.26.15.82,30475,5692,IPv4
00cd:0008:000c:0031:00c7:00c0:00f0:0050,0035:00c8:00fc:0035:0034:0032:00a7:00c3,33873,30129,IPv6
00ef:0077:00ae:0017:00b4:0016:00b2:0077,00d4:0039:00d0:00fc:00df:007c:0051:00dd,57290,48466,IPv6
65.216.61.13,133.228.4.14,38386,8949,IPv4
0062:00ba:0053:0010:00e4:0055:0065:005b,0005:0096:0082:00a7:0060:0066:0007:00ca,14325,41754,IPv6
150.229.196.236,141.211.46.92,17040,966,IPv4
0006:000e:0099:00a5:0037:00db:00fc:002b,0052:000e:0005:00ac:00b6:0025:009d:0069,43053,52970,IPv6
120.231.87.245,148.239.99.83,65526,10342,IPv4
00c3:00d9:00b2:0081:0057:00ff:0097:001e,0093:009f:00ee:0043:00fc:004e:00b0:0093,29706,17471,IPv6
00ed:0057:00c5:00c2:00ff:007c:001b:0096,00b8:0003:00ce:0019:0060:008d:008d:0019,17247,32754,IPv6
0005:00d3:004b:0079:0046:0056:0024:00a4,00d9:00f7:0067:0002:005f:002b:000c:00bd,40100,54100,IPv6
119.74.212.68,4.173.237.123,49303,51672,IPv4
49.11.14.246,208.114.101.238,28874,17829,IPv4
178.64.188.80,114.255.39.220,59113,4909,IPv4
88.8.11.137,10.88.214.186,19498,38398,IPv4
43.229.123.86,53.7.178.186,46479,13208,IPv4
236.234.96.194,130.81.66.105,4922,42175,IPv4
233.181.110.113,144.129.117.196,9833,53713,IPv4
0035:000d:00a4:00bb:00af:00ad:00b1:00c0,00a3:0016:0006:007a:00ac:003c:00e5:0025,9641,17582,IPv6
191.150.244.193,92.248.106.60,19024,50039,IPv4
00fd:0071:006f:00b0:00d3:0016:002b:0019,00d3:007f:0049:009a:005f:00aa:0012:00b1,33097,23803,IPv6
0079:009f:000a:0093:0035:00de:000b:0087,0088:00a3:000d:0043:009d:0099:0066:0066,27935,9740,IPv6
21.53.154.101,60.195.31.255,42087,49041,IPv4
0088:00c4:00fd:00eb:006a:00b2:00a2:0007,0018:00c7:001e:0077:0038:00a6:002d:00da,14878,35775,IPv6
0078:00a9:00ed:0078:00ad:0006:008c:0074,00a2:007c:0040:0035:0097:0015:008b:008e,31993,51320,IPv6
249.25.188.235,235.138.65.22,65467,34330,IPv4
155.80.68.11,128.227.125.171,48495,15931,IPv4
241.155.102.99,2.2.175.58,53585,48569,IPv4
195.245.225.45,240.48.252.141,18828,18577,IPv4
174.107.14.127,102.123.31.42,37872,11114,IPv4
006e:00d2:00f7:00fb:0081:0027:0023:00a6,007e:0001:0056:00c9:0017:0095:00f0:0074,2767,46887,IPv6
56.23.221.244,77.108.162.67,63162,60514,IPv4
007e:0001:0046:0063:00f6:0066:005e:00be,005e:00ef:005f:007b:0079:0078:002c:009f,16165,24669,IPv6
0061:006c:00cf:003d:00dd:008d:0046:00b9,00d8:001b:000d:00fb:00c2:0029:0061:0064,27931,28809,IPv6
0059:00bb:00a0:00d2:0098:0071:003b:00ce,00c2:0086:00bc:0096:0025:006f:0054:0080,54179,59587,IPv6
201.46.114.24,40.114.217.159,13685,46519,IPv4
166.24.249.39,196.118.232.28,25164,46562,IPv4
215.109.228.251,9.153.162.78,63091,15457,IPv4
18.61.136.124,205.36.244.173,10072,4225,IPv4
0043:00b6:005c:0079:0045:0062:006d:00e5,000a:008d:00d9:0064:00e0:007d:0001:0052,63464,33530,IPv6
117.14.251.27,163.238.63.38,32517,46937,IPv4
5.217.68.200,102.136.156.36,60819,2274,IPv4
0029:0031:0073:0024:00d2:005b:00cd:00a2,00a5:000e:00a8:0085:009f:00db:0002:004f,56947,52759,IPv6
165.216.109.107,153.136.19.123,5937,54079,IPv4
91.134.166.105,64.207.91.194,34018,6129,IPv4
170.169.169.133,252.162.211.92,11594,4106,IPv4
40.13.27.77,251.63.38.252,12737,9730,IPv4
32.80.81.218,49.84.19.186,1638,2510,IPv4
117.100.97.46,51.156.34.230,63846,63938,IPv4
61.123.196.125,30.41.228.13,14745,21750,IPv4
00fd:001d:00a6:00b3:00f8:00ae:0079:00f5,00bd:00ef:0004:0018:0081:001d:00c3:00a2,12601,4364,IPv6
170.212.178.139,252.58.109.183,57564,11034,IPv4
0072:001b:004a:008c:002a:009b:00e9:00e5,00b8:0054:00e8:002e:007b:0035:00d0:0068,5831,30339,IPv6
0031:00e7:0046:003c:0027:003b:009f:0013,00aa:0066:00c7:00f7:00a2:0023:00bb:006c,44795,3562,IPv6
151.139.190.110,43.45.34.255,55866,20432,IPv4
19.205.102.246,248.193.102.12,60006,53161,IPv4
00e8:0076:0029:0058:00c7:00ce:009c:0036,0079:00a2:00db:008b:00be:00ad:0014:0036,37586,63248,IPv6
007c:002b:0030:0043:00df:006a:00a7:00cd,00e5:004f:00b9:002b:0011:007c:0041:0094,4440,31207,IPv6
131.112.221.210,152.32.23.45,54315,12958,IPv4
67.202.225.246,137.252.188.110,37647,27582,IPv4
0001:00fe:00aa:002f:00bf:0038:0076:00b6,0055:00df:00b1:0011:0017:00c4:001a:00eb,63085,35512,IPv6
93.42.109.213,254.114.84.42,8403,54598,IPv4
73.163.191.11,192.169.123.168,47411,38620,IPv4
0086:000d:0080:0071:003b:00c3:00b5:001c,00ca:007c:00cc:0007:006c:001f:00c4:00e9,22878,9456,IPv6
00e4:00f5:00ad:00ef:003a:006a:0002:0030,00f6:005d:00c7:000d:0060:00f9:006b:0016,44661,56577,IPv6
0056:00b3:0028:0037:00c4:00ff:0088:0080,00c3:007c:0072:00d8:0025:0007:004b:000e,21976,43578,IPv6
005b:0014:008a:0044:003e:0056:0078:005c,000f:0030:0080:00d0:00eb:0088:0090:00ab,48344,40281,IPv6
00bd:00b3:00f8:008c:0033:002d:002f:006d,0072:00b8:0050:0070:00fc:0003:0030:00f6,44001,44831,IPv6
00b5:009c:00ae:006d:006c:002a:00cf:0038,0025:00ac:0097:008e:00f4:00a2:00d9:007c,30668,33656,IPv6
182.30.120.188,39.172.100.142,63850,39639,IPv4
70.122.177.228,50.8.206.8,47407,35370,IPv4
0025:0025:006f:00aa:00d9:0013:0035:00ab,0012:00e2:00d0:0059:0027:0067:0036:00ae,25600,25177,IPv6
00ad:00cf:0040:0087:0092:00f5:0068:00cd,0091:005f:0075:00c8:0044:0025:00b1:00a2,6050,14809,IPv6
131.151.221.216,149.132.119.217,55825,11615,IPv4
00fa:002c:0002:00e4:00dd:00d7:00f8:008a,009d:005d:00e1:009d:009e:00eb:0013:0092,17062,31342,IPv6
00f8:00d4:003f:0090:00c3:0088:0001:0026,00bf:0044:0074:00f8:0069:001f:0069:005e,31049,40072,IPv6
242.77.135.45,29.132.200.204,59149,16544,IPv4
00a6:003b:00b9:007c:006d:0002:00cb:00a0,0087:00bb:00cc:00ea:0072:00f0:0028:00a9,17579,3395,IPv6
103.193.4.186,58.211.233.218,32167,54830,IPv4
190.102.101.230,39.187.64.233,16583,55464,IPv4
159.222.236.41,21.39.158.13,14107,41802,IPv4
155.182.84.33,26.113.239.125,50065,33724,IPv4
005d:00f3:00c9:003b:0085:009b:009a:00de,004a:0097:00f3:00a0:00ff:0077:0069:0076,44961,20184,IPv6
00c5:0069:0062:00cc:0068:00a6:00bc:00c3,00af:001b:00c3:0063:00c6:004a:00d9:0022,16032,6190,IPv6
115.71.30.71,221.228.196.245,45124,47608,IPv4
28.33.110.5,106.32.5.243,58846,12120,IPv4
005b:004c:001d:006e:0029:00e2:000d:0014,00cc:008a:008c:0001:00b8:00b3:0087:00a4,23201,26585,IPv6
0061:00c0:00ff:0063:0003:00d9:001d:0096,0023:00ae:0011:00d0:0022:00fe:008b:002b,14998,31585,IPv6
65.75.43.61,248.176.248.242,39438,34189,IPv4
11.104.145.134,221.154.216.161,29967,14663,IPv4
0019:000a:00b2:004c:0017:00e9:0093:0073,00c1:0084:00e9:0019:00fe:0038:008a:002e,23162,17687,IPv6
190.250.37.130,47.47.190.94,6016,55299,IPv4
124.182.23.108,96.34.40.184,46842,44290,IPv4
205.246.25.148,208.87.209.118,7546,65277,IPv4
0066:00ae:00e5:00e4:009b:0085:00ae:00d1,0008:001f:005f:0039:00c7:0076:0091:00bc,1411,19117,IPv6
000e:009f:003c:0079:00d2:00a7:006c:00c0,00c6:0042:0034:00c2:00bf:0051:007a:0089,65114,12847,IPv6
68.138.14.48,6.18.1.185,23098,12850,IPv4
0074:0030:0037:005f:00ae:00d5:0027:0094,00d4:00ca:00d5:00f3:0061:00ed:000c:0037,49661,29375,IPv6
16.45.200.7,204.145.240.122,58396,29927,IPv4
222.15.150.208,180.4.81.229,35851,38786,IPv4
201.233.35.140,7.22.216.15,2379,45288,IPv4
12.88.231.125,226.218.85.231,60535,7427,IPv4
16.128.242.141,242.136.194.155,49616,18594,IPv4
49.143.255.54,119.21.116.104,13010,56080,IPv4
123.241.9.172,120.131.169.59,1613,30814,IPv4
003d:0039:00a3:0086:0029:0007:005b:000e,0077:0084:00a2:00b9:0069:0003:0034:00d8,16120,28553,IPv6
177.160.141.247,219.241.203.159,5508,15075,IPv4
211.205.75.120,80.7.14.155,40673,16812,IPv4
00a0:0097:0064:008e:0077:0070:00c4:0050,0084:0034:0054:004b:0062:00bc:000e:0090,54528,33165,IPv6
0032:00a1:00fa:0037:0080:00fb:00bd:003d,007e:006a:00b3:003b:0076:000e:00ba:00cb,21396,43652,IPv6
121.17.192.68,8.95.7.186,7953,10173,IPv4
92.53.39.3,38.210.229.34,1715,64322,IPv4
85.209.186.173,39.251.250.171,62198,7500,IPv4
144.72.73.227,39.130.14.95,60279,6858,IPv4
136.30.222.49,88.108.174.130,10790,27167,IPv4
56.136.179.222,214.201.37.228,17710,26550,IPv4
001c:009d:00df:009e:00cc:0037:0062:00a1,007e:00eb:0065:0003:00cb:0062:0020:009e,27452,61766,IPv6
197.99.201.59,58.66.205.52,23011,49434,IPv4
0001:0026:0096:0099:00bd:00e1:00f8:0074,007c:00e6:0031:00c3:0014:00b6:00cc:0024,6172,18167,IPv6
33.184.195.70,227.163.49.102,8616,63497,IPv4
0060:00ba:0093:006d:00af:0051:007f:00b6,00cd:000f:0072:0071:00db:00e4:0081:0083,2128,59439,IPv6
2.185.9.47,74.95.133.64,29283,51864,IPv4
160.241.223.44,199.210.32.108,34553,63538,IPv4
0062:00f2:0098:0064:00b5:0090:001c:00d2,00e5:0017:006d:00c8:00ac:00df:0074:009c,19397,18111,IPv6
122.4.72.163,101.160.218.195,31675,65468,IPv4
0019:0074:002c:00b6:009e:00d3:00b2:00da,00fe:00f8:00b7:00cc:00c1:0063:005c:0067,64871,7700,IPv6
223.183.46.226,8.131.253.61,54066,47972,IPv4
107.118.7.243,21.81.21.164,23864,5633,IPv4
0024:0021:00e2:00e1:007d:0091:00b4:00b0,005f:0084:00ba:004c:0085:004e:009d:00a4,63597,61294,IPv6
4.161.41.234,203.223.106.217,19534,50897,IPv4
54.106.40.232,227.24.192.34,32284,41764,IPv4
0001:005b:00de:008e:0005:0032:00b3:00d6,00ec:0020:00d8:0016:00a2:0015:008a:000d,14107,59418,IPv6
193.144.24.217,143.22.201.20,60849,44878,IPv4
00d9:0013:003b:0002:006d:0035:0081:0065,0043:00cb:005c:005e:003c:006c:0054:0064,64363,20729,IPv6
006b:00f8:0006:0077:003b:0012:006f:00e5,0054:005f:0054:00e7:007c:00a8:0054:00fb,18493,2169,IPv6
0080:00f8:00b7:00c6:00c2:00dc:00d2:00a1,0003:003d:004f:0098:00ca:00be:00c5:002f,16169,34680,IPv6
0085:0096:00cb:00c3:00ea:0038:0015:00a4,0003:0094:00ef:00e3:005e:00df:009a:0065,1583,56418,IPv6
00ae:00ad:0095:0031:00d6:009f:0013:0033,002c:00e8:008c:0053:008d:000d:0065:00cb,3805,7440,IPv6
240.103.225.69,130.239.179.118,54678,45083,IPv4
156.204.123.227,91.220.73.235,46550,345,IPv4
0030:00df:0094:009a:002e:0072:0039:00d4,0071:001d:003e:0002:0087:00b7:0008:0086,14920,54380,IPv6
00d7:00e8:00a6:0092:0086:0001:005a:0082,00b7:00c3:003f:00e7:00df:00b1:00de:0095,2241,45406,IPv6
002a:007a:0087:00bf:00f8:00fa:003f:0052,0088:00fe:00a0:0099:00f5:00b4:0031:00e2,12058,22243,IPv6
0088:000c:003f:00d5:002f:00ea:00e7:003a,005d:009b:007a:00d9:008b:00b2:0033:00d2,30989,15673,IPv6
0025:0097:0007:00e2:0049:006a:00dd:00d4,00e4:0002:00d1:002a:009e:00f0:00af:004f,22690,5669,IPv6
85.247.48.67,171.91.143.148,320,25464,IPv4
003a:003d:002b:00e7:00c3:009f:00eb:00be,0075:0088:00a4:0090:00c2:00da:006e:00a6,19317,1880,IPv6
249.161.37.53,12.24.251.134,10479,47515,IPv4
00ae:0006:007d:000b:00f8:0057:0085:00e3,002e:00ea:0050:004d:002d:0013:00d3:0097,42572,21624,IPv6
0019:0074:007e:0004:00ab:0008:0082:0049,00e4:0068:0018:0088:0042:00c9:00d7:002e,28987,52489,IPv6
86.204.43.202,217.91.211.109,55078,14065,IPv4
81.127.20.228,68.239.45.73,9661,7719,IPv4
174.157.149.192,200.161.210.243,41430,17109,IPv4
84.11.1.62,27.129.98.73,28812,54556,IPv4
180.5.225.209,56.12.63.60,10158,39661,IPv4
0074:002f:0005:00da:001d:007d:001d:0073,00c6:00c5:0026:000f:00b3:00e0:007a:0010,52114,21198,IPv6
0087:00d1:008a:0030:009d:00f8:0044:00c9,0035:0078:009b:0024:0064:00bc:005e:00c0,32014,22114,IPv6
00e3:0017:0083:00f5:008d:001e:000b:0014,00e4:004c:00c6:001c:0067:00b6:0004:00a0,28748,18892,IPv6
86.46.45.164,116.217.170.233,2911,9291,IPv4
00dd:0025:00e4:0082:0076:008d:00ac:0028,0061:00c5:001e:0048:0088:0079:001c:009a,10058,44878,IPv6
0084:0090:0069:0021:0001:001d:0010:009d,003a:0052:0004:00ec:0032:0013:006e:003e,7237,14301,IPv6
00ef:00b6:006c:00f6:0066:00b8:0077:004a,00be:0070:0070:001f:00cc:00be:0034:0042,42832,35375,IPv6
239.4.120.251,152.216.37.81,37108,58085,IPv4
133.30.70.227,157.16.218.13,62579,47133,IPv4
0028:006c:0031:0013:00aa:0014:0097:006f,0021:006e:0073:004e:0009:0084:0081:0052,10120,19024,IPv6
0037:0034:00f0:00bf:004b:008e:00a0:00e0,00b7:00dd:006c:00f6:005c:0057:0022:0022,10595,46801,IPv6
001b:00f5:0073:00eb:009f:00e0:0022:006d,0085:0010:00ad:0097:00b2:004e:0038:0018,9766,55302,IPv6
0086:00dd:009a:00e8:0090:0017:0075:00cd,0028:00e5:000a:003e:006e:00b4:000f:00b6,29160,58052,IPv6
225.240.150.194,38.5.148.154,36098,48177,IPv4
193.160.95.231,129.202.117.102,14541,63050,IPv4
100.36.105.121,107.45.47.127,25273,58857,IPv4
0017:001f:009f:007c:009f:003e:00e3:00a3,00b8:0072:004b:00ae:0064:0070:0097:008d,55212,10254,IPv6
007d:00a7:0051:0052:0080:009f:0007:001a,0098:004d:0048:0027:003d:0073:00a3:0047,47230,51585,IPv6
00b0:0057:00a8:0017:00e8:00da:00e3:00f3,0091:00e4:00aa:002f:00a6:0068:00ca:008b,17048,19120,IPv6
003a:00e3:0093:0006:0075:0039:0067:006f,006d:00b9:007f:0010:00af:004c:0026:005a,23225,35021,IPv6
0049:00db:005b:002b:0015:008c:00ce:00b7,001c:003b:0053:0005:00e8:00a9:0041:00ac,48346,13513,IPv6
0036:004b:00c9:00b7:0006:00dd:006b:000f,00bf:0063:002f:0017:00a7:003b:0062:00fd,19081,56932,IPv6
115.113.22.9,127.73.53.226,3399,11806,IPv4
230.224.17.235,139.227.165.22,30038,50633,IPv4
0047:0092:005b:006e:00b2:00b2:0067:0023,008a:00df:003b:00f6:0025:00ad:00d9:0027,33853,42563,IPv6
00b8:0002:0051:0049:00b4:0017:0099:00cf,0015:0079:0061:00dd:004b:0069:0021:0015,28757,41643,IPv6
14.52.196.164,100.101.209.191,20747,31112,IPv4
0071:0006:00c2:00df:00ae:0051:00e8:002e,00f7:0041:0052:0059:0019:0018:0017:00af,42664,56580,IPv6
120.83.105.203,250.225.224.146,229,57125,IPv4
132.6.88.229,53.240.86.4,40480,47273,IPv4
00bd:004d:005d:004d:0031:0099:001b:0037,00d8:0065:0026:000c:006d:00d1:0099:0018,46952,37853,IPv6
178.139.153.150,170.100.201.54,41774,3304,IPv4
00b3:00d4:00d6:00f3:002e:0092:00aa:0044,00ae:0061:0085:00c1:009f:0068:000f:005e,7293,58288,IPv6
98.126.143.148,68.212.26.14,62526,14877,IPv4
193.42.160.228,48.244.151.253,36089,15076,IPv4
00a1:0044:00da:00f3:00b1:00cc:00c3:00eb,004e:009c:0077:001f:0019:0098:0053:00d5,59948,5423,IPv6
35.96.57.220,122.16.147.54,48126,33451,IPv4
008f:005d:00e2:00c8:004e:0030:00ad:0090,00d2:0019:004d:0018:0054:00d5:00c9:009b,17888,769,IPv6
003a:004f:00d3:00d9:0074:0058:0099:0089,00be:0098:0032:0018:0020:00f9:00a6:0043,45115,36172,IPv6
007f:00c8:0083:0023:00b5:009d:00ce:0022,00e3:00b6:00c0:0033:0081:0023:00de:00ee,21711,37193,IPv6
209.142.66.120,243.105.8.129,53504,16987,IPv4
00c4:0089:0080:00d9:00a5:0091:003d:001d,00cf:00eb:005a:0033:00fe:0074:00fe:0006,49678,65297,IPv6
00a0:0069:0060:0024:00d0:00bb:0056:004c,00b5:006a:00b3:00da:00f1:007e:0088:008f,30843,30018,IPv6
30.54.208.140,59.7.237.202,1275,6610,IPv4
71.52.142.173,227.48.5.198,37768,54506,IPv4
00cf:00d2:0097:00c5:0087:0066:00ad:008d,00d2:009e:0077:00ea:008e:0079:001c:0051,53629,44664,IPv6
00c2:00cf:0054:0084:0045:0054:0029:0019,0062:0010:00d0:00db:006d:0086:00c2:0038,15060,4105,IPv6
005a:0044:0087:0063:006f:0016:003f:00b9,0032:00ca:0091:00e1:0034:00dc:0090:003c,40753,7153,IPv6
0040:0090:00be:00b6:00cb:00ee:0045:00ce,0077:0016:00db:004f:009c:0024:00f4:00f4,57309,50720,IPv6
58.28.218.24,86.18.27.14,30682,57922,IPv4
190.198.49.177,134.195.39.113,62687,27582,IPv4
00f7:00ad:00b0:00fd:000d:00d0:00f4:007d,00fe:00a1:00ce:00ee:0078:00b8:002d:001d,42808,24109,IPv6
139.87.176.98,95.4.230.102,17546,53070,IPv4
52.72.120.9,222.1.62.243,30177,49372,IPv4
237.206.175.166,93.168.158.89,8204,55823,IPv4
9.142.237.41,109.244.161.102,9768,6707,IPv4
74.131.12.152,252.208.108.202,15139,34479,IPv4
104.117.190.96,153.13.217.106,17457,47980,IPv4
00fe:006f:0060:00e4:0063:0090:00b1:0069,002f:00af:0020:00fe:00f1:005c:00e9:0055,46250,54783,IPv6
0075:00e9:00c0:0076:005c:009d:00aa:003f,0027:00f9:001d:0022:002c:0071:00af:0044,7737,10111,IPv6
00d9:005f:00d4:008a:0016:000b:003b:008f,0052:005a:0022:006b:001c:0060:00b1:009b,40047,34152,IPv6
53.66.116.43,248.16.14.132,5807,22326,IPv4
252.172.145.255,201.18.88.240,28378,50640,IPv4
41.119.172.27,128.23.8.40,23456,38375,IPv4
0059:0005:007e:000f:00bd:0012:007f:0029,0033:002b:0067:003a:003c:00fe:006b:0033,17921,24720,IPv6
225.74.190.54,144.17.62.181,34083,19007,IPv4
0099:00f0:008a:001a:0016:005f:00d4:0016,00e3:008a:004c:0065:003b:003c:0029:006c,32372,14742,IPv6
00bf:0049:0034:002c:004e:00cc:0054:00c6,005b:00b2:00a7:0098:00dd:00af:00fc:0066,23996,22810,IPv6
121.232.152.194,69.241.226.4,5084,7339,IPv4
172.184.163.213,182.253.118.140,62922,31248,IPv4
00bb:009c:006d:00ca:0011:0086:00c7:00d1,004b:0007:0090:003e:00d6:0069:006e:00b6,6581,45537,IPv6
167.58.207.231,101.39.161.215,22597,17545,IPv4
0011:00f7:00cd:00a3:00cd:00ef:0068:0089,00cb:001e:00e0:00e9:00bc:0006:003f:00c9,3885,49357,IPv6
197.10.21.45,75.58.58.222,36452,39329,IPv4
006c:005e:008d:0049:00b2:00f5:000e:00bb,0002:00e7:0008:00fe:00ab:0048:003e:00d9,27687,34824,IPv6
00ab:0031:0034:005f:00b4:002a:00d9:0023,0044:0073:00d7:00fa:00e2:0048:0098:0015,58020,51141,IPv6
30.209.224.60,23.73.238.162,24107,38915,IPv4
00b7:0058:0081:0069:0073:0088:0043:00da,00e2:001c:00cb:009a:0067:00c8:0063:0080,54050,35662,IPv6
00fb:005d:00fb:00cf:0093:002a:00c1:0047,00a0:009f:00c7:0024:00b8:0051:0051:00a7,41745,31989,IPv6
214.224.61.114,97.108.78.44,24507,28989,IPv4
50.233.113.181,86.243.49.246,36527,9369,IPv4
004c:00ab:0047:001d:00b4:0044:00e3:0049,009f:0079:006c:0085:0021:001e:007a:0047,4058,8539,IPv6
142.133.122.150,162.125.31.92,22622,21528,IPv4
184.205.191.94,127.136.54.242,5767,45855,IPv4
00d3:007f:0093:00cb:00bd:009f:0047:00d8,0012:00b5:00dd:0065:000a:00a4:003d:00d6,51518,55167,IPv6
87.134.111.47,119.245.241.96,63678,24742,IPv4
00c1:0013:00c1:00cf:0043:00fb:003e:005e,00bf:003f:001f:0088:0086:00d9:0035:003c,38178,339,IPv6
14.97.23.50,122.1.211.6,1279,42359,IPv4
65.33.108.143,101.30.76.20,4399,54466,IPv4
00eb:00e7:0056:0004:000b:00d2:00ce:004f,007f:008d:0053:003d:00da:00e5:0085:00f8,65425,54378,IPv6
0084:00d6:001a:009d:00cb:00a7:00b0:0089,0037:00ed:008b:0029:0037:00c0:0092:0061,41415,11224,IPv6
00c8:005f:0054:00b8:0053:001b:00d4:008b,00ff:0073:00c0:00b0:0075:0022:009c:0045,31211,17126,IPv6
00de:0044:006c:00ac:0020:000d:0074:000c,00c9:00f9:008d:0019:00d2:00ae:0014:0036,3167,19673,IPv6
85.36.132.124,14.2.195.232,49767,37029,IPv4
0052:00b3:0093:00e3:00ab:0030:006d:00f1,00f2:00fa:00c1:0077:0005:0034:000b:00b1,40409,30934,IPv6
001a:0080:00ed:00fe:0065:00fe:0001:0093,0052:002c:00de:0035:0025:00c1:0071:0067,42808,58363,IPv6
121.155.136.215,158.160.202.236,39872,8888,IPv4
154.100.52.232,116.206.187.5,28416,34722,IPv4
007d:00b0:00af:002d:00c5:00d6:00b6:005c,0055:0074:0021:0020:0010:00ea:0017:004d,33678,60842,IPv6
0002:00d4:0045:0040:0090:0051:00ab:005c,004e:0026:0040:0055:00c0:0002:0087:002c,33077,11665,IPv6
186.73.220.9,131.255.64.149,49265,32810,IPv4
117.143.62.11,229.140.206.176,12958,52345,IPv4
201.80.155.84,136.96.43.223,48781,8851,IPv4
151.254.9.136,210.24.217.151,44218,16810,IPv4
72.231.55.169,236.119.165.198,49642,59764,IPv4
0065:003c:002d:00c0:00f8:0093:0044:00d5,00da:0046:00f3:0011:0045:00c2:0089:00c7,27184,61639,IPv6
54.28.254.207,193.88.216.96,36485,61406,IPv4
46.2.156.16,210.142.250.183,47342,61038,IPv4
000e:00ba:006c:008c:003e:004f:008d:006f,0062:007b:00dc:0083:00c8:0047:00ae:0038,13282,14380,IPv6
215.100.70.63,78.215.226.110,17099,54655,IPv4
170.108.205.95,36.41.181.35,36244,59637,IPv4
119.165.154.39,137.130.106.88,17761,61395,IPv4
00d1:0042:0046:0026:0051:006d:0013:0011,00d7:00b1:0011:0038:003f:0049:0034:0008,9949,52355,IPv6
009b:0030:0071:0007:006d:0010:0075:0093,0070:00b8:00ac:00d2:00eb:009d:0017:00dc,39245,43597,IPv6
0028:004d:00f6:004b:008d:0068:0052:0097,000f:00f1:0051:00f6:007c:00bb:00fc:00b1,16901,4179,IPv6
0045:008c:007a:0055:009a:00e7:0098:005a,007a:0067:006b:0024:00c7:005d:00d3:00aa,55557,38614,IPv6
252.80.211.170,213.79.197.137,37845,6773,IPv4
1.107.64.182,218.55.101.11,63519,33763,IPv4
0049:0013:00f4:00bc:00b5:0039:00a6:00d1,0098:00e7:000e:00b9:00e4:007a:00f2:00ac,7735,20273,IPv6
0010:004d:006a:0074:00c6:00ad:001d:00b5,0077:0092:00ef:004c:00e5:00db:001f:00fa,54925,62689,IPv6
0081:0087:004e:0019:006f:0073:0070:003f,0041:00c0:001c:0092:00cf:009a:00d8:0076,61690,18545,IPv6
00e0:00e2:0044:00b0:003e:0045:00db:0056,00db:00ad:0073:00c1:0087:0067:0056:0072,65474,39411,IPv6
0041:0075:009f:003d:00ba:00b3:0024:0098,0034:007c:006a:00ef:0023:0063:0084:00d0,33095,54047,IPv6
008d:00e9:0091:00f7:00fe:00dc:009e:0006,0032:0048:008c:0042:00c8:0029:0032:001a,32116,28957,IPv6
009d:00a0:0068:00e3:0086:0048:0013:0043,0021:006f:0022:00bf:009f:0012:00aa:0028,50242,2304,IPv6
185.182.25.148,21.221.98.110,5138,45966,IPv4
242.163.96.26,43.131.121.107,49556,51760,IPv4
194.53.144.26,57.217.54.55,24432,57573,IPv4
00d6:007f:00b3:008c:00b8:005f:003e:0047,00ed:0044:00e6:0004:00d9:00c6:0070:002d,64600,38801,IPv6
00ad:0042:00eb:00be:0089:00bf:00f0:0094,0053:0088:00df:00b0:0067:00f6:005e:00c8,20817,42997,IPv6
00f0:0081:00bb:00ae:0071:0090:0085:00ad,009e:0093:0009:00b0:00e8:005e:00ad:00e5,64409,11606,IPv6
0027:006e:00e8:0096:00c8:00d2:00e3:0042,003e:0007:0013:00fe:00ab:0011:008f:00cc,64038,14005,IPv6
59.29.78.119,198.198.151.191,59955,62762,IPv4
000b:001b:0082:007a:00f9:0017:00cb:008c,0099:0041:006d:0021:00e2:0050:00bb:0082,18259,15553,IPv6
184.51.170.52,44.161.82.116,3751,30174,IPv4
167.208.70.236,20.185.124.166,61785,24913,IPv4
000e:0019:00ac:00c0:00ce:003f:0045:0072,0012:0083:0006:00fc:009f:00ed:0012:007b,9550,43890,IPv6
70.112.116.103,85.18.78.168,49200,35275,IPv4
19.202.38.148,203.72.221.175,33013,38513,IPv4
195.89.224.255,89.91.26.180,25308,38453,IPv4
008a:0045:0083:000a:002f:0095:0064:00bf,00b2:00b9:00dd:00ff:00a0:00ae:0081:00aa,53113,26377,IPv6
007e:006d:0091:00bf:00c4:002a:0077:000d,0054:0038:0096:0060:0094:0012:0046:009e,41044,37212,IPv6
68.160.48.114,200.165.31.58,42017,1314,IPv4
00f4:00c2:001f:0064:006c:005d:0021:0017,0080:00a3:00cd:0036:005e:001e:0040:0013,40232,41716,IPv6
190.195.190.87,8.145.82.123,62191,35357,IPv4
86.235.236.142,173.84.198.74,40782,1978,IPv4
184.121.46.106,245.63.192.32,39721,44570,IPv4
251.102.176.145,149.43.45.27,63943,58022,IPv4
00c4:007d:004b:003d:0035:009e:00c1:0091,0069:0077:0020:0021:0082:002e:00ca:0078,54510,7073,IPv6
222.89.138.79,129.121.40.148,6812,48620,IPv4
000c:008d:0015:0083:0093:00f8:003e:0046,0016:00b9:0064:003c:0019:00cd:00c6:00a7,13492,28251,IPv6
00c9:0014:005f:0097:004c:00ca:00c5:00d4,00ad:00f9:0014:000b:003a:00e9:00f1:00c7,13649,9559,IPv6
181.67.159.85,21.46.97.31,52358,58831,IPv4
104.59.110.223,212.125.117.147,4446,61220,IPv4
0047:00e1:0089:00ee:005a:00b4:00ad:0088,0054:00d8:00d7:0072:00ec:007e:005c:0002,22151,5965,IPv6
006c:00a4:007e:00dd:00aa:0028:0042:0009,00b7:0023:00ed:00b2:0066:0043:0036:0014,16457,8079,IPv6
233.65.137.203,153.205.36.2,55771,64022,IPv4
80.200.56.60,166.39.212.231,18847,42933,IPv4
0028:009c:007e:0081:0011:00f3:0088:0013,0048:0047:00df:002f:003b:00a4:00b2:005b,39493,53088,IPv6
124.205.33.226,201.54.2.204,14514,9115,IPv4
135.227.15.111,46.4.237.56,57991,48484,IPv4
125.231.19.210,217.33.78.154,14105,43923,IPv4
0094:004d:0006:0010:009a:000f:00f8:00bf,0087:00c2:008f:0081:00bf:007f:00ac:00f2,61836,27509,IPv6
79.136.219.165,89.120.73.228,52646,45961,IPv4
254.142.85.86,94.167.153.104,8411,53020,IPv4
38.42.78.246,38.14.62.97,15312,38463,IPv4
006e:0078:00c6:0051:005a:00bb:00d6:00e6,00fb:00db:0025:00c4:0003:0098:0096:00f4,6807,23627,IPv6
0056:002c:00d9:00e8:00c8:0012:0013:00b0,0090:0004:0030:00c4:0080:00f5:009f:00a1,1818,26042,IPv6
220.164.75.24,115.162.106.158,37387,16106,IPv4
00f7:0008:0018:00c7:0047:00fc:007b:0076,004d:00f0:004e:0001:00a2:009f:001b:0081,61342,52577,IPv6
007e:0018:0054:0031:0080:0015:00ba:0024,00b7:0063:0025:0029:0074:00f8:00ed:009e,37613,56606,IPv6
202.168.92.106,12.249.238.25,21134,6636,IPv4
0025:0080:0022:008b:0001:0042:0051:00ef,00f2:00b0:002e:005e:0079:00e3:00a1:003e,37739,23591,IPv6
0032:00d6:00ab:009f:00e4:009d:0082:0056,008e:00ac:0009:0035:00f4:0073:008f:00a3,20968,65467,IPv6
76.222.136.182,175.81.137.81,7644,55201,IPv4
00fa:0056:0088:007e:0029:00b0:00b5:0078,0007:00be:003e:0029:00a0:0026:00d1:00e8,39927,49682,IPv6
000e:0045:000f:00cc:00fc:00ee:005f:0015,00f9:000e:0005:0082:0050:00a8:009f:00a4,47442,43353,IPv6
0091:0065:008b:0029:00e7:00e2:0011:0070,0031:00fc:0007:0091:006e:00c5:0061:00a3,14967,49382,IPv6
14.114.178.243,220.129.136.133,58385,54048,IPv4
87.15.136.29,197.57.98.90,53007,4801,IPv4
00cc:0017:004e:00b1:0005:0044:0029:002c,000d:0029:0004:00e1:00ab:00d9:0084:00a2,24957,6377,IPv6
233.136.251.154,30.145.127.79,41346,48771,IPv4
000b:007d:0019:0081:0086:0046:0037:008f,0073:0011:0053:0012:002a:009e:00a2:0090,60668,50029,IPv6
000d:00c1:0058:007c:0044:009a:0015:0008,0040:0026:000a:001a:00cf:0086:0039:0029,33288,4501,IPv6
149.198.1.4,134.131.68.249,55232,39507,IPv4
247.74.37.104,59.140.1.190,28255,5081,IPv4
62.111.254.182,82.67.176.239,38432,58670,IPv4
0056:00ab:006e:0031:00b8:00ed:00a5:001b,0022:003f:00a6:00c2:00ad:009f:0025:00fb,45471,2316,IPv6
15.80.165.255,132.111.220.68,31466,60660,IPv4
003a:0009:00a0:00c7:0087:0088:00d8:0057,0085:00f8:00bd:006b:005d:002f:002b:00b5,46046,61742,IPv6
006e:00f9:00db:0014:0060:00ba:0031:00b2,0026:0073:00bc:00c3:0070:00b8:0013:00cc,37444,1698,IPv6
006c:0051:0082:002b:00e8:00c0:0050:00a8,00fa:0091:006d:0030:0026:000f:0005:00d9,58352,13797,IPv6
0018:00df:0052:002d:0043:0069:002d:0087,00ad:0004:0013:0015:0088:00b8:0036:0051,36780,19481,IPv6
00d7:0006:00df:001a:003f:007f:00a7:00ee,0046:00e3:00cb:00de:0023:006c:001e:00a5,44166,37365,IPv6
0027:0097:008c:007f:0054:008c:007d:0030,00e7:0039:0021:0031:00e0:0068:0042:0077,57542,35556,IPv6
002f:0060:00bf:009c:0068:0026:000b:0093,00e6:005f:00be:0032:009c:00ea:00ec:00db,31396,37777,IPv6
40.129.3.165,110.75.181.112,2774,26531,IPv4
182.203.121.217,80.156.255.178,9881,19706,IPv4
182.179.42.240,71.186.187.95,22717,11519,IPv4
59.165.5.226,120.13.183.165,64760,30051,IPv4
177.14.7.180,108.31.104.152,27829,63127,IPv4
179.122.111.32,211.213.87.104,32879,12359,IPv4
126.248.112.224,14.229.48.66,33264,43766,IPv4
73.171.167.15,128.232.33.53,43724,40041,IPv4
88.104.26.220,155.221.137.134,54836,45664,IPv4
0012:0069:000c:0032:0088:009c:0056:00a7,00e2:009b:0099:0098:001d:00e6:0047:002b,44175,21394,IPv6
008f:0090:00f2:00a9:0013:0044:002e:0061,00f8:0086:005e:004d:008f:007a:001b:00c5,3856,36670,IPv6
00d6:004a:0063:00d8:0046:00c7:0085:000a,0073:00e3:00c8:0066:00f9:00e1:00d3:00ec,55616,41814,IPv6
0002:00db:00a7:0042:0048:007e:0004:00ab,00bb:0014:004a:0018:0017:00fa:0047:00b1,8528,6885,IPv6
46.5.72.66,183.11.210.78,29830,55652,IPv4
000a:0031:00a8:00d2:006c:0021:00ff:004a,00b4:0010:0048:0045:00c7:0014:0059:000d,35549,56384,IPv6
51.255.151.126,79.126.27.61,35144,22267,IPv4
9.208.254.123,132.231.119.137,65150,42087,IPv4
81.169.83.4,195.51.82.59,11550,6903,IPv4
001d:00c2:009d:0094:0068:00bf:00f3:00d3,0045:00a9:00b1:00a4:0032:0061:0020:0037,33122,52550,IPv6
235.222.240.71,209.248.99.4,34965,53950,IPv4
00c7:001b:00ad:00e0:0026:00a7:00d0:003f,0040:0070:006c:0064:004a:0094:001a:0059,23414,62694,IPv6
0032:0009:003a:0003:0006:003f:002d:006e,00bc:00c5:0008:0006:0060:0045:0004:00ba,40031,35191,IPv6
000b:002a:00dc:0013:0055:00fe:0036:0036,00e2:0047:00d5:0026:000f:003e:00bc:00e5,25195,17402,IPv6
001a:00d4:004e:00cf:0034:00e3:003c:00f1,00f3:0041:00ef:00f3:001f:001e:00b5:0012,48226,20417,IPv6
0058:006c:0093:00d4:001d:00b9:00a5:004e,009b:00e0:0085:00fd:00c3:0030:00a3:00aa,52652,4682,IPv6
238.129.75.205,101.138.193.32,63468,49162,IPv4
00fa:0081:00cf:009f:006b:00f3:00ba:000b,008b:006b:005d:0037:0022:00e0:00c4:00ab,63337,23058,IPv6
160.228.14.159,237.201.118.15,15777,32225,IPv4
177.250.2.143,123.234.237.125,59466,32782,IPv4
223.251.157.184,248.93.131.13,46572,38405,IPv4
253.211.156.25,55.24.42.118,51636,43467,IPv4
009c:0060:00e4:00c6:0054:00a7:00cb:00a9,00b2:0055:0031:0011:00b6:00a8:00c5:004c,55942,7261,IPv6
144.226.97.62,141.115.191.92,5883,3697,IPv4
130.98.239.121,145.251.215.162,8177,27264,IPv4
188.159.138.202,242.115.185.220,48591,42825,IPv4
00b8:0031:00f9:0083:003f:00ea:0028:00c1,0041:00d5:004a:0097:008c:0095:0035:005e,22384,15406,IPv6
0023:00a8:0077:008c:00dd:00b9:00d4:0034,00c8:003d:00fd:003a:00f3:008a:0072:00fe,1191,60219,IPv6
104.30.163.62,48.133.125.43,3186,20475,IPv4
008c:00da:0038:00eb:0020:0015:0084:00f7,00c8:00f6:00c3:0026:004e:0075:000a:002a,60478,31385,IPv6
00db:0003:0017:0022:0038:0055:00c9:0028,006b:00c5:00e0:005f:0011:0004:002a:0086,23125,39613,IPv6
0001:0008:0053:0078:006f:006d:0036:006a,00dc:00ce:0049:00d0:0044:0059:00b4:004d,35252,23899,IPv6
003b:009c:0025:0001:00e0:005f:00f0:00f6,0062:00b7:0057:0015:00b1:00c1:0064:0051,5859,19832,IPv6
21.18.15.7,91.3.139.171,53369,15922,IPv4
0046:00ff:0002:00fc:0061:009b:0061:007c,001e:00b0:0002:0093:003e:00e2:00af:008a,43072,22697,IPv6
241.250.37.77,106.224.239.110,48461,11458,IPv4
199.99.57.210,228.226.169.8,42080,48470,IPv4
00fc:006e:0093:00c0:00b2:00ab:00f1:008b,0050:00a9:0050:00a6:007e:007f:0032:000b,39122,64850,IPv6
0054:005a:0066:0088:00ef:00d9:007c:003e,00b5:009d:005e:0040:0005:003e:00dd:00ef,53672,40344,IPv6
0067:00cd:00b4:0021:00b2:005a:0008:00f4,00bf:0012:0084:0035:00f3:0083:005d:00fa,1069,1553,IPv6
008f:00f8:0015:00dc:00fe:0008:001d:00cb,0023:00d5:00c9:00ea:00c8:004c:0009:0018,47637,26143,IPv6
39.59.82.2,158.123.29.239,5115,23188,IPv4
004f:0065:008e:005e:00c9:00ab:00f3:003d,00d1:0046:0035:0062:00f6:0069:000f:00ce,822,43253,IPv6
28.181.12.40,68.27.235.163,26352,26063,IPv4
110.146.56.178,199.157.161.150,40707,58110,IPv4
001e:00d6:000c:0054:0080:0049:00bc:00a4,007a:0091:00e5:00f4:0087:0001:002e:0007,31983,40884,IPv6
193.106.3.200,62.177.3.198,5108,49113,IPv4
00e9:0097:0017:0068:0084:008c:00f8:00fd,004b:00fe:001d:0013:006b:004f:00af:007b,64337,35103,IPv6
001f:00e0:00b0:001b:000a:003d:0003:008a,006c:00bf:00cd:0060:0018:0023:002d:000c,65282,14370,IPv6
00ea:0063:00fc:00e5:00b6:0001:0026:00d2,0005:0055:00b1:00f1:00f1:000a:001e:00dc,22248,29116,IPv6
66.3.57.21,193.139.133.64,29770,56110,IPv4
00d0:00d6:009c:00d1:004b:003e:0099:00fa,00fa:0083:004e:0070:00fc:00ed:0032:0082,5974,24838,IPv6
143.90.219.72,92.249.202.207,58895,55840,IPv4
00ba:00fd:00a6:0082:0065:0031:00c2:0047,0027:0083:00e5:00a1:0015:00ca:0085:0052,6891,35595,IPv6
000c:0005:004c:008d:0085:00fd:0050:00ad,0015:00b1:0078:0097:0096:000e:0076:0022,4533,29337,IPv6
00b0:0014:007d:00ad:001d:0066:00c3:0011,00b7:008e:00f3:0066:0015:00a2:00f8:000f,47664,64538,IPv6
00aa:0059:00a4:00db:0037:00f8:0010:004c,00c3:00ce:002c:0043:00ff:0006:0096:0002,37504,13417,IPv6
90.96.51.123,230.1.173.210,49348,28262,IPv4
0003:002d:0063:00c2:00ed:0013:00a3:008f,00ae:006d:004a:0082:001a:00cf:0025:00f6,49606,21408,IPv6
0025:0011:001c:00a7:003c:00a9:00fb:009f,008f:0068:00f3:0050:00a6:0030:00a0:0049,17249,48516,IPv6
00a2:00ce:00ec:00b1:0024:00ae:002c:007c,00a5:001e:0013:00e7:0070:0099:00a4:0054,56276,16730,IPv6
87.37.166.36,124.97.75.205,50822,43611,IPv4
2.103.252.57,52.23.255.117,12645,43666,IPv4
00af:00be:00d6:008a:00a2:0028:00e8:00ac,0053:00c8:00ba:0075:002d:001d:00f7:0065,23468,31775,IPv6
008c:00d3:00d8:0025:0013:00c0:0059:007f,00d8:003e:00b4:00a1:00f5:0051:00f6:00c6,19337,4782,IPv6
001b:0041:0034:005d:0045:00ef:0073:00c7,0035:0097:004b:0070:0022:00a3:0041:008f,60979,43045,IPv6
245.73.75.42,238.35.28.2,4027,30978,IPv4
244.193.171.158,230.197.210.84,15449,29075,IPv4
148.236.109.164,199.155.13.138,15715,3158,IPv4
00bf:00e0:007a:0061:0092:00e9:00d5:00b9,00c8:00f3:0046:00ea:00a8:001a:009e:0091,42328,45748,IPv6
63.217.186.44,39.173.232.107,47033,31856,IPv4
000c:008d:008a:005b:00f5:0033:00fd:00a2,00f6:008a:0018:00cc:00ce:0031:0054:008e,11022,22776,IPv6
204.192.147.133,85.243.29.216,46895,5575,IPv4
101.67.48.78,148.212.93.138,14822,20899,IPv4
63.16.104.94,215.223.254.22,18572,50582,IPv4
214.144.206.209,126.159.45.195,54842,20902,IPv4
32.80.163.207,226.198.134.235,21461,48583,IPv4
004a:0099:0069:000b:0012:00d3:0097:004b,00d9:0029:00c7:00ff:00a5:00f8:008f:00b3,51032,24787,IPv6
006c:0009:0034:00bf:004a:0041:00bb:00d2,00f3:007e:00af:0046:009f:0040:00f1:0093,47745,44509,IPv6
69.247.249.39,187.3.233.23,62685,11258,IPv4
00aa:003a:00c8:0009:00ba:007c:00e4:00ea,00dd:0043:0062:003c:003d:0044:00da:0044,18725,15851,IPv6
162.144.187.104,82.161.220.152,62135,65491,IPv4
007a:00f3:00b9:00c4:0054:005b:003f:0076,00fb:0065:0013:00b4:00f2:009c:00a7:00e4,50921,15060,IPv6
0074:0054:00e4:0086:003f:0042:000f:00ce,007a:007a:0012:00d1:001e:0078:008d:0098,44774,14209,IPv6
000f:00a0:00c5:008d:0007:00c0:0036:003f,0081:0094:0052:0044:00e1:00d1:0016:0074,13726,4135,IPv6
000d:0010:009f:00a0:001e:00bd:0009:0018,00ca:007e:001e:0047:0070:00a8:0094:00d4,39281,44938,IPv6
189.153.29.63,200.197.27.77,44361,50248,IPv4
157.228.102.69,151.46.202.52,24730,52248,IPv4
00d1:0053:00e6:00b2:00dc:0051:0035:00aa,008d:005f:0043:0079:00ea:002e:0024:005e,23453,19958,IPv6
1.204.249.48,202.154.158.252,18746,33546,IPv4
8.86.135.157,223.160.50.243,7882,28257,IPv4
004f:0011:0090:00d4:0090:001a:00ab:0092,008b:00d0:00e4:005e:006a:00aa:0089:00be,49558,45290,IPv6
122.52.49.234,154.97.112.48,33605,15553,IPv4
00d4:0053:00da:0014:008c:00aa:0020:0024,004f:0078:00e0:003e:0055:0074:009d:0016,26628,55777,IPv6
20.164.143.38,54.216.173.68,41110,5191,IPv4
00c5:0047:00d1:005b:00ff:0054:00ce:0031,0070:00f8:0046:00a2:002a:00e9:003d:0023,41518,55879,IPv6
0035:00b1:009c:00a6:009c:0002:0077:0063,0090:00d8:003a:0075:0052:0032:009f:0046,15408,61273,IPv6
00e2:002f:0010:00b5:0039:00c3:00bb:00e5,00b8:00ba:0069:002f:0089:000c:00b7:0059,38348,53051,IPv6
0031:0024:0062:00a8:0038:002c:00c3:009b,009d:0011:009c:003c:00aa:00ef:00ff:008f,52046,38373,IPv6
00b6:0007:0087:0086:008a:0026:0007:00c5,00a0:00f8:00cc:0014:0013:0028:00f8:002e,60067,51281,IPv6
233.243.140.217,242.190.93.216,4605,2520,IPv4
108.227.135.69,157.234.120.249,42577,21258,IPv4
00be:00da:004a:008a:0080:0087:0034:0091,003f:00df:00ed:0010:0065:00ef:00d4:00e9,11114,14756,IPv6
31.185.136.169,114.77.118.64,20898,21065,IPv4
134.47.152.248,102.44.229.96,56203,51389,IPv4
95.153.111.53,163.125.82.54,59283,38690,IPv4
005c:004f:00a2:00f9:0004:00bf:005f:0065,0013:00b6:0091:0037:0042:00e0:00ef:001f,54748,1464,IPv6
0032:00ac:00c3:0056:0046:0069:00e7:00d1,00ad:007b:00ff:00e0:00ce:001a:0085:000a,4166,7016,IPv6
164.222.116.101,158.87.12.218,64786,24602,IPv4
128.143.53.49,141.233.237.122,39064,21991,IPv4
005a:009a:0003:0067:004d:00a4:0030:0073,00d0:0095:0011:0086:00c6:00b7:0057:00f2,10127,39926,IPv6
254.97.87.39,136.23.51.232,23591,1164,IPv4
00ff:00e5:0046:0059:00ce:00de:0050:007b,0086:005a:0029:0088:004d:0023:00e6:0074,14683,36567,IPv6
00d8:0040:0041:009e:0090:009c:00ae:004e,0091:00f5:00f6:0042:0008:005c:00be:0023,1090,47117,IPv6
212.228.220.61,126.221.248.169,33587,31802,IPv4
201.160.232.49,80.230.99.28,27617,30723,IPv4
00b7:00a7:0077:004f:00d1:002f:00d4:009c,0056:005a:00a5:0048:00d6:0083:00a5:0069,43605,20360,IPv6
210.86.33.253,60.170.71.89,11638,29752,IPv4
009e:00f0:0086:00c7:00c2:0088:0003:0076,003f:002d:0079:003e:009b:00d2:00f0:0042,52886,1710,IPv6
112.1.184.28,100.97.186.133,25884,7997,IPv4
206.169.87.15,102.226.61.9,62396,25848,IPv4
00ce:006f:0087:0004:002e:0030:00fd:0090,00f9:0014:00e1:0050:0068:00b9:007d:0060,15366,39061,IPv6
00ea:0025:0055:003a:00e4:0044:00a7:00a1,00a2:00a0:00f3:006a:005a:0021:00d5:0089,5459,44003,IPv6
219.131.43.188,82.90.103.46,18637,59362,IPv4
100.59.66.59,132.201.240.126,48952,22585,IPv4
005d:008d:00b6:0011:00f6:0065:00d8:0081,0003:0027:001b:0090:00dd:001e:00b7:0046,55618,40447,IPv6
223.248.137.66,38.84.80.249,25378,25575,IPv4
00ab:00d4:00e2:00ad:00a9:0020:00ae:00f2,00d6:0052:009a:0033:0028:00c9:00f2:0086,14484,6534,IPv6
0090:00e6:0058:00dd:006d:00bc:00b0:00d0,00a0:0056:00f7:0091:0068:0085:00b5:00e4,17993,38181,IPv6
117.184.184.158,66.92.107.21,53521,40869,IPv4
0004:0009:0064:00b3:0038:00a5:0063:0029,0013:0036:00a6:0057:00ea:00ce:00c1:004e,21886,57710,IPv6
229.89.226.102,117.48.241.192,63889,26416,IPv4
223.213.191.119,229.59.47.33,59089,3168,IPv4
007e:00a3:008e:0004:0065:0040:001f:00e1,002e:005c:0043:0014:0073:0064:00ea:0004,46610,60701,IPv6
154.58.50.128,72.8.21.198,23203,17288,IPv4
181.96.65.51,182.254.108.214,43676,25688,IPv4
176.173.48.177,152.213.17.239,43502,8258,IPv4
186.214.248.234,250.225.246.52,31789,63740,IPv4
0007:00ef:0033:004d:00df:0082:0019:0091,0084:00ca:001a:00f1:00a1:0091:0084:00f4,24872,3417,IPv6
004b:0070:0090:00d1:00b4:00af:00b9:006e,00af:001d:000f:0063:00fa:005a:0005:0053,63204,22659,IPv6
0019:0002:0020:0045:00c0:0012:0035:00d4,004b:00e1:00b5:00b0:001a:00b1:00d7:00f6,38694,41843,IPv6
74.100.172.104,141.81.10.65,6077,20570,IPv4
009a:0097:007f:0093:00dd:0084:0011:00bf,0078:0076:00c1:0065:00aa:00c2:0024:0080,49567,49233,IPv6
00f1:00af:0013:002f:0023:0043:008c:0040,007f:00a8:006c:0024:0060:00d5:0079:001a,34544,64345,IPv6
00d0:0029:0052:006f:0022:0014:0071:0012,0043:002e:00a2:00a6:0068:006e:00b6:008f,18907,2896,IPv6
0030:00f6:0018:0045:00a9:0084:005e:0041,0097:00ea:003d:0061:00a5:00cf:00b0:0092,24186,50624,IPv6
170.226.12.13,55.6.23.84,55003,41851,IPv4
0012:00fa:0038:00f9:0012:00b1:002b:002b,002a:00a6:0012:0068:005d:0088:004d:00cc,49887,22325,IPv6
82.3.49.223,213.163.185.194,23247,56254,IPv4
00a2:00ba:0058:00f1:0038:00cf:0037:007b,003c:00de:005d:0056:0043:006b:009b:00c5,38676,23326,IPv6
221.43.216.203,46.153.237.213,32507,16275,IPv4
190.134.188.62,252.52.110.200,65160,27367,IPv4
00e0:0056:00c4:003e:00e4:001a:005b:0003,00a9:00d4:00dd:00a2:007d:0085:0094:005e,22669,31947,IPv6
00de:005d:00c2:00db:00a1:0020:0021:001c,00e7:00f8:00a2:00d7:000c:002a:002a:00a5,26856,31666,IPv6
158.111.226.42,25.7.201.152,25032,29284,IPv4
65.127.197.114,158.197.92.172,61209,65257,IPv4
243.106.85.88,195.141.208.40,49961,36494,IPv4
224.244.43.193,48.166.7.200,62742,30630,IPv4
99.231.30.137,180.234.44.25,10269,57478,IPv4
0062:0041:0031:004d:00ad:007b:0029:00a1,0059:00f5:0023:007a:0033:009e:009e:0073,46737,55075,IPv6
00b3:00e1:0064:0030:006d:006f:0081:003f,00a0:003f:0076:0046:0040:0011:003e:0041,25908,51332,IPv6
129.207.19.80,75.142.225.73,9588,6571,IPv4
228.145.93.146,165.73.36.231,9044,35133,IPv4
113.163.135.47,105.104.150.218,23216,47856,IPv4
186.139.188.116,58.83.114.57,29974,19850,IPv4
127.179.252.214,57.218.85.56,32401,47439,IPv4
0005:0075:00b7:0075:0062:008e:007a:0014,000a:00cb:00d5:00a3:0049:0041:0053:0066,36295,64022,IPv6
0090:00a8:001f:0001:0061:00d8:0059:0060,00d6:0018:0006:0086:009a:009f:0031:00a5,38874,13473,IPv6
214.199.233.21,122.62.168.164,34346,2609,IPv4
148.252.196.242,251.157.132.18,48951,7977,IPv4
71.213.153.215,72.53.33.175,44633,13033,IPv4
55.71.195.131,96.24.137.100,15842,58840,IPv4
00b8:00cd:00aa:00a4:004c:00fa:007b:000a,00b7:0073:00a1:00c5:0007:00f4:00ff:00e2,23861,16495,IPv6
00f9:0050:0081:00e4:0049:008c:00d9:0061,00f3:009a:0061:00f6:006d:0064:004b:006f,42977,21722,IPv6
46.69.53.1,234.160.30.155,27954,52818,IPv4
36.115.60.24,114.93.104.122,7626,29860,IPv4
219.186.82.115,119.46.53.182,46805,42016,IPv4
253.142.106.246,245.204.130.156,58078,65513,IPv4
0059:00c1:0091:00c6:00de:00c5:005b:001d,006f:00b0:00f7:0031:0080:00ea:00ca:00ef,65250,42898,IPv6
0015:0026:0085:00e0:00f7:005c:00af:007e,0007:005f:0028:0097:0099:0052:000c:00fd,10437,4151,IPv6
56.126.213.195,132.125.5.34,64705,20855,IPv4
0047:0003:009a:0009:00e0:00ff:0026:0023,0069:00f3:00a4:00a6:00fc:003a:00ef:00cb,46594,35884,IPv6
150.183.172.205,242.152.68.57,36947,7691,IPv4
14.194.216.197,214.153.93.5,41411,49844,IPv4
00dd:004d:0079:004b:0086:0036:0019:00ab,0015:0002:00cc:00e9:002b:00ee:000e:00e4,23926,25915,IPv6
00c3:0031:0067:0084:0062:008c:0083:0081,005b:00ad:007f:004b:009f:004f:00dd:00fc,44047,46359,IPv6
11.253.245.192,139.29.236.113,14630,5984,IPv4
00e4:0085:005d:00d7:0027:0059:00ad:0075,0053:00a2:00af:0021:0004:0083:0077:00dc,42921,11470,IPv6
249.190.134.200,54.169.240.60,18359,42436,IPv4
2.205.92.232,78.154.247.80,26180,4248,IPv4
001f:00e5:002f:0034:000b:00c4:00bf:007d,0031:00bf:00b5:0094:00de:0075:0025:00a8,5311,55195,IPv6
101.245.58.166,49.19.12.101,14733,12949,IPv4
007f:007f:0033:0032:0038:0006:00d7:0018,0020:00ee:00e9:00fc:0007:0033:00ba:0059,27084,7182,IPv6
0065:00cb:004e:006c:00e5:00ac:00ae:0052,002e:000f:00e4:00e5:0028:0004:00ae:000f,22487,23896,IPv6
005b:00fd:002b:00ed:00a6:0047:005a:007d,005c:0070:00b6:0027:00a9:00b2:0042:00bb,46374,21495,IPv6
129.101.54.7,122.163.209.206,43539,9722,IPv4
00b4:0069:0054:003a:0014:00ac:00dc:00a9,0018:0014:0029:00dc:00a5:005e:0035:0063,37143,63375,IPv6
169.17.38.178,81.192.176.102,61135,25536,IPv4
0039:00fd:008d:00c1:00f1:00a6:0044:00ff,005d:0021:0005:0022:00c8:00fa:006e:006f,64891,18980,IPv6
207.244.130.236,93.253.183.234,51162,41596,IPv4
198.51.195.2,138.251.37.223,30347,53006,IPv4
0008:000b:00c0:0032:00c1:0092:0054:0037,006d:006e:0078:00dd:006e:00d9:0008:0063,64640,53305,IPv6
00fb:001d:000c:0075:007f:005f:0023:0053,00ec:0085:0021:0084:0062:00d3:0089:00e7,32258,16649,IPv6
166.191.244.200,248.245.36.79,36936,12843,IPv4
233.248.193.123,69.25.92.254,23809,61407,IPv4
0052:0074:0021:00fa:00ad:009b:00df:00c9,007e:0038:00bb:0023:0095:004e:007c:00da,43215,44038,IPv6
76.27.180.4,141.166.104.81,31351,58563,IPv4
00a4:001b:00ee:0008:00d8:0001:0018:0043,005d:0010:004e:00bf:0021:0012:00ba:0027,32530,49212,IPv6
00b1:00a4:0020:000d:00c8:003b:002e:007e,0029:0087:008c:0076:009f:008a:00b5:00c9,31003,18370,IPv6
008f:006c:00b9:007f:0099:00cd:0018:00e7,006f:0012:00be:0093:0093:00dc:000c:0059,36901,24098,IPv6
0033:0033:0080:00ce:00b7:00d6:0050:00e4,0057:00f2:002d:0095:0091:00e1:0074:004f,56432,10309,IPv6
134.143.96.55,34.190.27.17,20758,36120,IPv4
86.210.118.247,244.156.82.160,48167,56924,IPv4
98.243.164.141,34.230.37.143,19869,21262,IPv4
0059:00ff:00fb:0024:0062:00d0:00f4:00fe,006e:0091:00d0:0028:00fb:00d1:009a:0052,49810,14704,IPv6
0050:002f:008d:0086:00b1:0033:00c5:002c,0043:00ea:0048:0003:0091:00fb:00d6:0041,62540,56467,IPv6
228.69.252.69,130.255.168.4,9350,49793,IPv4
0033:00ee:006f:00af:006c:00c0:00a1:001b,003f:00b9:0008:0020:00fe:00e4:00f6:00a1,5722,58815,IPv6
0092:004b:0054:00a3:0026:008b:0022:00de,009e:0008:00e1:0005:0073:00fb:0020:00a2,58030,59855,IPv6
00c3:0070:008e:007e:00cd:002a:001c:00d1,009f:0007:00db:007a:0018:00af:00e7:000f,19049,42070,IPv6
145.141.80.75,192.22.99.89,38653,37866,IPv4
217.70.149.132,108.11.19.77,33247,17534,IPv4
72.254.168.52,248.50.150.116,52213,31163,IPv4
0025:0009:00b5:001e:007b:00e3:00ec:0011,006a:0014:0062:0053:0071:004c:009d:008b,48440,8887,IPv6
00a0:00c7:001b:00a9:004a:0040:007d:0088,0004:0038:008a:00bb:00ff:0056:00d7:0011,44150,55953,IPv6
00a9:0007:0027:009d:00af:0027:0034:00f0,0094:00a4:0041:00d5:00bf:00b6:00fa:005a,51530,30726,IPv6
007e:0090:006d:00d8:0033:007a:0006:005e,0074:0003:0017:00db:0037:00a7:00c1:005e,38678,9899,IPv6
001b:00df:001e:007f:00d6:008a:00b8:002f,0029:0043:007e:00a1:0070:0049:001e:0022,47382,53161,IPv6
221.148.62.204,186.114.127.243,28278,18195,IPv4
82.71.138.207,141.109.100.243,30538,4416,IPv4
0041:00a2:0059:008f:0043:0056:00aa:0035,00e9:00b1:0096:004e:00fe:006f:000f:009d,43601,63892,IPv6
245.102.214.223,216.20.30.124,50266,45224,IPv4
0064:005d:00db:009e:00dc:0058:0047:00cd,00a4:00ec:00b0:00ef:002c:000f:00f8:0057,28178,32495,IPv6
00e5:00ef:0036:0040:00b5:0011:006d:00a5,0014:008f:0039:00a1:000f:0088:0034:00c5,44024,19125,IPv6
143.106.128.196,23.83.31.115,20535,50428,IPv4
006b:0008:0007:0034:0031:00e6:00e3:00a4,0051:00cc:005b:00e8:0016:00af:0070:0097,56113,49989,IPv6
186.90.238.213,233.45.107.217,18910,28207,IPv4
0090:0058:00e1:00ee:00f2:00ce:00de:0067,004b:0041:006f:001a:0060:00c7:003e:0085,58271,29294,IPv6
0030:00d8:0090:0026:00f6:004f:00ea:000f,0071:003b:0067:00e7:00e9:00cd:004c:00a1,13151,38318,IPv6
00f9:0021:004a:00d2:0047:0083:00ed:003c,0050:00bd:00a8:0078:00fc:00f5:002d:00a9,22841,14311,IPv6
4.215.98.47,33.15.63.201,49064,15053,IPv4
33.121.255.34,157.56.245.8,7639,16725,IPv4
168.78.21.77,53.110.43.236,21921,63493,IPv4
76.78.254.196,26.85.90.64,38623,25465,IPv4
003f:00d3:006f:0074:00f1:00d0:00ea:00b8,0097:00be:003d:0040:00fc:0035:00db:003c,29125,36664,IPv6
00b5:0020:002e:0050:00de:00d1:0016:00c5,002d:000f:0037:008b:0089:00d2:0060:00a7,42422,59322,IPv6
0054:009f:00de:00fd:0037:0059:00a2:0020,00e4:0059:0022:0045:00d1:00a3:0073:00fe,43165,63205,IPv6
0025:0021:00a7:00ef:0070:0067:00d0:0057,00d9:0069:0010:0015:00b1:0026:00b1:0073,27310,38417,IPv6
24.86.254.219,124.169.36.62,20146,55555,IPv4
58.59.82.95,24.194.187.75,17872,15344,IPv4
150.44.45.245,129.53.132.74,19966,14252,IPv4
19.99.179.156,71.12.34.18,42492,58202,IPv4
166.244.65.241,65.185.36.103,9457,40426,IPv4
0053:001b:004e:00b5:0074:0088:0089:0070,006b:001e:00ca:0021:009c:0049:007a:00d7,42353,44358,IPv6
001e:0078:00ba:00cb:00a1:008c:009a:00d5,000f:0067:000c:003e:00da:00b2:00ff:00f8,36942,58675,IPv6
254.136.123.21,31.50.2.46,4681,30430,IPv4
132.107.118.203,136.156.66.45,11402,8179,IPv4
174.92.230.172,163.205.8.144,63681,9059,IPv4
227.206.60.33,105.69.6.143,56951,12124,IPv4
002a:007a:00ff:005d:00b7:00e5:00ed:0017,0014:0085:00b5:003f:000e:0058:008d:00ff,17327,17372,IPv6
239.210.173.235,16.237.147.126,37081,357,IPv4
28.237.150.132,170.57.53.146,55029,23699,IPv4
0014:00fe:002a:0021:002d:00aa:008f:0054,006e:0082:00b0:001e:00ee:008f:0081:00ec,11769,42044,IPv6
0071:00c3:00e8:00d0:0071:0033:0065:009d,007a:009b:00e3:004c:0001:001d:00ab:0095,58350,30559,IPv6
002b:008c:005a:0012:0098:002c:00b2:00ff,0065:00d5:0086:0030:0014:00ed:00e7:009b,41545,59003,IPv6
00ed:0089:007e:00d8:0051:00dd:00f5:005b,0065:00dd:0049:00e8:00e2:00a6:00ab:00e8,42076,40862,IPv6
0005:00bf:00a6:002d:00f3:001d:00f3:00eb,005e:002b:00f1:00d4:00be:0048:0041:0037,3098,43453,IPv6
00f8:005b:0007:00bc:0094:00a1:000a:00c8,002a:00d1:00dd:0072:00aa:0045:00fd:0041,39199,21980,IPv6
009c:006f:00e0:00e4:0004:0013:00eb:00ab,00d4:0048:000d:0049:001f:00b5:004d:0081,9613,25661,IPv6
192.116.131.131,248.151.182.91,54399,5794,IPv4
0023:0055:007f:0090:0038:000d:0055:00dc,006d:00cb:00a7:00fc:0007:0088:0049:00dd,27805,7793,IPv6
187.163.254.70,105.243.102.203,32321,7374,IPv4
70.231.169.98,176.196.141.190,1269,9301,IPv4
0012:0070:0020:00f7:0051:0052:0049:0027,00ec:00df:004d:00a8:006c:0082:00b0:0078,43905,9214,IPv6
212.134.56.213,43.127.55.77,56616,46034,IPv4
79.115.114.178,75.57.56.88,22107,45491,IPv4
25.18.225.245,238.227.187.60,60842,62384,IPv4
56.8.71.113,229.175.97.138,42640,51885,IPv4
004b:0014:00f7:0075:0045:0019:007d:0066,001c:003c:0043:0070:0059:0018:0033:00c5,41975,10340,IPv6
0060:00e2:007c:000a:0083:009f:0072:00b6,00eb:0096:00ae:0064:009f:00a7:007b:0053,41895,15391,IPv6
0096:0035:0064:0085:00e7:001c:00f1:005c,002a:00da:00ff:0040:00ba:005d:0025:0041,35744,47956,IPv6
129.249.5.207,216.211.40.177,62006,7950,IPv4
132.42.178.54,126.241.228.253,19985,15140,IPv4
00e3:0062:001b:0066:00eb:00a3:00f5:007b,00d3:001d:006c:006d:0010:005f:00d8:00f3,19688,16561,IPv6
202.60.47.124,91.193.190.174,34437,62066,IPv4
36.250.225.48,157.97.196.125,54312,41283,IPv4
00c3:00fd:0054:00e4:000c:00a6:00ab:0077,007d:0010:00c2:0053:008d:00ce:00a4:00f0,31660,46419,IPv6
53.121.35.3,222.159.21.53,45375,39376,IPv4
0036:00b0:00ce:00e7:0073:003e:009a:0013,003a:00c1:000a:00ac:0023:00f5:002e:00d8,34331,17701,IPv6
0011:005e:007c:0079:00a0:0095:001a:00ca,00e8:00e9:007b:0078:0044:002a:006b:003f,57657,59529,IPv6
17.72.165.87,27.89.85.221,38228,6861,IPv4
00a6:006b:00a3:00a8:0014:00f2:0056:00ff,005a:00a9:00bf:00df:00ff:004f:007c:0052,3599,36584,IPv6
52.219.38.111,26.126.89.98,43963,8770,IPv4
194.88.231.85,99.229.26.89,31938,49868,IPv4
133.236.34.47,129.118.102.110,9063,25247,IPv4
00ce:00de:0073:0056:00df:004f:0010:004e,0058:00cc:00d0:00c7:0044:005f:008f:00f4,17073,29032,IPv6
24.18.135.111,213.85.76.100,46859,62141,IPv4
0095:00bf:001d:00b3:00e6:00f1:0015:00b9,006d:00ab:00f7:00ef:00d2:009d:001f:00de,12318,25393,IPv6
0023:0035:00d4:009a:00d4:003c:0083:0044,00da:00b9:00e2:0020:0029:00e9:0034:00b6,48363,62110,IPv6
00a8:0088:0066:00b4:0003:0010:00a8:0011,0070:0042:00bd:00d2:0079:00e9:0066:0007,27098,52256,IPv6
0010:0072:00f9:00c3:00ee:000d:0058:00ff,0062:0056:0037:005a:0071:0050:000f:0050,50373,47097,IPv6
53.230.115.158,214.73.237.26,42669,40484,IPv4
15.124.126.59,219.248.111.167,28768,10922,IPv4
0059:00a0:0042:0059:00c7:0022:00b4:0032,0059:00b3:0097:00db:0004:0007:0040:00be,6447,33576,IPv6
00a5:0089:009a:0005:0042:004f:00ec:009b,009e:00f0:00f8:008f:00a6:008f:00d2:002e,10508,26594,IPv6
219.139.140.61,173.99.23.221,51928,27759,IPv4
0082:00c6:00e1:008c:00bc:0041:001f:0010,008e:0062:0066:007f:00d8:0013:0099:007a,54,15600,IPv6
117.36.190.103,110.3.162.28,53973,30898,IPv4
176.242.88.192,72.181.84.245,50291,41298,IPv4
92.66.64.81,127.71.2.170,10051,29274,IPv4
00e5:00f5:00e3:0019:00ce:00c3:00f1:00ea,00f1:00cc:0072:003d:0084:0074:009a:0052,21764,14963,IPv6
174.50.182.237,68.61.211.169,35450,41222,IPv4
0049:00de:00ea:00fe:0072:00fd:0077:00ef,0037:0068:0081:000d:008e:00c7:0029:006e,15337,590,IPv6
00d1:0056:00bc:0099:0098:0097:00c1:00dc,00f3:002a:00a8:0054:00d6:008a:0068:004c,43882,22346,IPv6
49.116.193.118,42.191.185.23,41607,2499,IPv4
00ef:00b0:00ea:00f4:0019:005a:009e:0020,002f:0090:00f3:00da:0040:0098:00b5:0026,40539,55782,IPv6
00cd:0002:0059:0002:0090:007d:00e9:001f,00ec:00d8:0015:00bc:00f9:0055:003e:0080,20806,59514,IPv6
00bc:0021:0083:00c5:0089:00af:003d:00c8,0007:0016:0031:0045:0084:0078:0086:00e4,23187,26207,IPv6
68.59.155.171,104.134.201.165,39349,16509,IPv4
175.164.216.207,21.102.212.243,31913,16553,IPv4
0041:00f7:00ee:0003:002b:00bd:00c9:0033,00cb:002c:0020:00a8:0053:005c:0081:001b,263,55492,IPv6
103.13.140.77,42.139.202.133,24172,12967,IPv4
44.163.16.113,85.200.20.209,15882,30666,IPv4
004d:00f0:0084:0034:0077:008b:0045:0045,00c6:00ac:00c2:0052:00c2:0005:0042:005e,28755,44875,IPv6
33.203.81.182,188.146.120.16,33098,44552,IPv4
34.99.79.106,44.206.249.8,40133,22329,IPv4
00ae:007d:00d6:00fd:00e0:0097:004e:0045,008e:007e:0018:00a4:0071:004b:001a:0014,7753,22739,IPv6
001f:0051:007b:00d2:00f1:001e:0071:0006,0084:0032:0064:0097:009a:00dc:00a4:0027,59394,57761,IPv6
60.228.200.175,4.226.159.233,42786,47303,IPv4
93.216.79.239,117.144.254.145,3434,8810,IPv4
134.123.136.18,169.112.206.22,39931,35448,IPv4
96.246.155.56,68.221.135.198,6593,31214,IPv4
57.251.105.195,162.190.46.158,304,39029,IPv4
00eb:008d:00ff:0083:003b:0005:000f:009e,00ab:00e7:00d2:0054:007a:00df:00a9:002e,48899,60053,IPv6
253.57.47.175,222.85.39.81,6453,36750,IPv4
00fe:002e:00ca:0038:0086:00f2:003b:0025,0068:00fa:009e:0058:0039:0094:00c9:0025,8254,27301,IPv6
206.164.75.203,122.106.221.151,14949,22077,IPv4
00ae:0078:00b6:00a3:006a:00e8:00d9:00f8,00a6:00e0:00ee:00b3:0011:007f:001f:0096,9871,28022,IPv6
119.109.200.192,144.145.134.7,46592,59576,IPv4
00c8:0015:00d4:0074:00e4:001d:008e:0021,008c:007f:0025:00c4:0080:00da:00c7:007b,14899,60600,IPv6
89.230.59.82,70.120.112.139,61286,52436,IPv4
0035:00fe:00b7:0056:0079:0063:0081:0025,00f6:0009:00a4:0091:00ba:0005:002e:0013,27217,22535,IPv6
005d:004c:002b:0055:0056:0005:0054:00cc,00b7:00da:0013:009a:0062:0053:00ee:0023,35632,2668,IPv6
74.77.76.69,102.189.83.180,6347,19321,IPv4
00b7:003c:00b5:007a:00f5:008f:0011:00d7,0006:00fb:006f:0075:00b2:0096:00a7:007e,2023,17601,IPv6
0049:004e:00b7:0050:00ea:007f:005e:00e9,0029:0077:0009:003e:0020:006d:0057:0001,10050,43350,IPv6
0012:0022:00d9:00d0:00d1:00f1:00e4:003f,00a7:0001:001b:003b:0050:00b6:005a:0035,48345,50042,IPv6
196.40.25.183,213.21.231.138,30891,51795,IPv4
005d:0097:0019:0090:00e6:0024:00ec:00d1,00f9:002e:009d:00ec:004a:009a:0045:0065,60575,23333,IPv6
96.221.66.121,224.126.248.252,29620,56657,IPv4
174.138.85.61,244.213.105.70,16915,7461,IPv4
233.236.4.120,228.155.235.1,34912,1707,IPv4
0060:008a:0084:0068:0014:00c2:0001:00f0,000e:006c:00d7:0060:00b2:0018:007e:007d,64575,23033,IPv6
0015:006c:003b:0061:008d:000f:004e:00c4,00d8:0070:0003:0037:0055:0092:002f:007b,62952,39032,IPv6
0054:0056:00d2:0066:001b:00b2:004f:00d5,0021:0026:0035:000d:0020:0021:0020:009f,950,12953,IPv6
00bb:0015:0084:005d:008d:00c9:00bc:00c1,008d:006d:0046:006a:008e:0078:00ae:006c,56473,5068,IPv6
0028:0055:00b6:0050:005b:00a0:00ba:00fa,00ff:00f2:0091:0007:0011:0053:00b5:003b,40634,52486,IPv6
245.245.60.135,149.209.154.236,11845,43723,IPv4
74.33.200.85,171.249.182.239,54887,40156,IPv4
004e:0090:004f:000e:00a0:00cc:0078:006b,00f3:00cc:0085:00d3:0085:0057:00d4:008e,57480,14451,IPv6
4.193.10.255,190.215.131.115,56767,62913,IPv4
00ba:0002:0011:008a:0014:00d6:00ff:00ec,00cb:0038:0043:0062:00fe:0027:00b5:005d,50575,62276,IPv6
007c:0047:0019:007d:0006:00d7:0070:00a9,004a:0067:00ca:0080:004a:0012:00a6:005d,46023,1368,IPv6
159.239.60.140,109.164.183.13,59261,7913,IPv4
104.170.149.102,182.162.163.6,42536,6621,IPv4
00fd:001d:0048:00e8:0040:0033:0057:00c1,0034:002d:00a8:0037:0070:000f:00ac:0076,27453,55552,IPv6
132.140.102.139,76.16.96.90,64089,65123,IPv4
249.33.57.76,32.194.138.48,32292,60399,IPv4
00aa:008b:009d:0007:0076:0010:003c:00ab,00f1:0056:0012:003e:0051:00cb:0043:0032,9426,26368,IPv6
0076:00ea:0018:000f:0097:0075:00a9:00d7,0093:0081:0019:00a8:004e:004a:00e3:0006,40819,24178,IPv6
6.148.66.201,12.191.145.169,13818,10144,IPv4
0030:00be:00da:0014:00e7:0067:00e5:006f,00fe:00bf:003f:00fd:00eb:000f:0004:00dd,3635,50375,IPv6
68.88.132.119,45.10.154.153,43831,49062,IPv4
0067:0036:0088:0038:002d:0096:004f:0057,0014:00db:00fc:006d:00ff:000e:008e:001a,1156,3925,IPv6
0075:00fa:007f:0086:006c:0047:0084:00d1,0066:00b6:0083:00d4:00ca:0051:004a:0084,45508,4692,IPv6
130.235.35.242,113.182.181.144,49067,40505,IPv4
0038:0057:0080:00cc:00c7:001b:00c5:00cc,0091:002c:0044:00f4:00e2:000a:0092:00de,7855,3359,IPv6
0065:0069:0069:00bd:009c:00f0:0050:00ca,001c:004d:0071:00a3:0016:0014:000d:0058,63748,21208,IPv6
00ca:00cb:00b4:00ab:004b:000b:0069:00db,00c0:00d8:0089:008b:0075:00de:00e3:00ae,25660,44983,IPv6
214.193.43.73,19.219.122.244,22581,21272,IPv4
34.254.160.220,186.231.89.211,7802,63320,IPv4
00a0:002c:00e9:0078:00fe:00c8:00d3:00fc,0091:004c:0044:004a:008c:002a:003e:002e,40089,2240,IPv6
70.182.51.73,41.159.156.193,57950,63357,IPv4
99.105.3.83,168.234.197.121,32531,50103,IPv4
00bb:0019:006e:00d8:006d:00f7:0097:00f3,00f9:0014:0040:0009:0003:0081:009c:006f,53392,10857,IPv6
00ba:006d:0050:00a2:0095:0076:000d:009c,00d3:003c:00e0:00cf:00d0:00e9:001e:00a3,3048,2597,IPv6
0090:0072:00ff:00e7:0086:0070:0098:0085,00a6:0099:0022:00b6:00e6:00c2:00e7:0087,21113,55839,IPv6
207.39.34.254,124.207.113.193,18171,7399,IPv4
007d:002c:0098:00cf:003d:00f7:0072:0035,0080:00ea:00c8:0011:0035:00ca:006b:00a5,26725,51479,IPv6
00bc:00cb:00c0:00e1:0061:008e:0056:00ef,0098:0096:004b:00fd:0070:00eb:0002:005d,31732,15817,IPv6
0035:00c5:0078:0003:0023:006b:00af:0082,008c:004d:006a:0020:0043:00df:0044:003a,49620,22960,IPv6
91.157.208.84,36.211.99.26,14089,28482,IPv4
28.249.83.90,240.141.218.205,10636,6310,IPv4
0012:00d6:000a:0078:0031:00b7:004e:005b,00a0:007d:00a4:0074:0074:0099:00cf:0062,23053,11284,IPv6
002b:0003:00ce:0092:0079:001e:00ec:005c,0068:0059:004b:0085:00c1:0075:0027:0018,2353,55250,IPv6
159.154.83.84,83.126.251.190,26346,45977,IPv4
0032:00c6:0017:00da:003c:0079:00ba:0046,0052:00cf:00a7:00bc:00bb:0030:005b:001e,33778,16430,IPv6
193.62.1.165,30.183.97.200,711,3325,IPv4
87.230.201.26,19.41.109.116,39320,51830,IPv4
00be:00cd:0059:004c:0094:0025:001e:0044,006e:00e4:00f5:004b:00d1:002f:0016:003d,12525,41336,IPv6
00db:00ea:001d:0026:00c8:000d:0034:00ef,000a:004d:0003:00d8:0019:003a:0022:00e2,58053,50890,IPv6
20.242.139.204,159.121.50.39,14497,47361,IPv4
22.42.242.211,26.149.185.232,15546,25620,IPv4
118.47.85.171,202.207.194.51,21826,6471,IPv4
003f:00d5:00bf:0012:0036:006d:0033:0054,0067:00ba:002d:009e:00df:0018:00ef:0095,25449,53075,IPv6
0051:00d4:0031:006e:0006:006d:00e8:00dc,0013:00f0:002a:00f7:00e4:0023:0031:00ff,17005,1999,IPv6
181.191.241.216,65.67.182.69,31249,5250,IPv4
200.247.167.88,5.207.209.61,9141,21776,IPv4
00df:00f4:00c2:000d:0025:0054:007b:004f,00a6:0014:00f2:0045:004a:00b4:00a7:0043,39419,13476,IPv6
18.210.54.203,235.13.5.103,62690,52203,IPv4
00e7:0028:00bf:0040:0034:00f4:0033:00ec,0007:0077:004f:0053:0097:00f4:0043:0064,24472,1004,IPv6
94.120.10.173,17.57.39.134,44568,14950,IPv4
00d0:0084:008f:00a1:0095:00d1:005d:00e4,007d:0055:0047:004d:0055:00c0:00c4:00e7,47015,5546,IPv6
250.250.123.75,178.253.130.253,11155,51829,IPv4
004b:001d:0015:00af:0003:003c:008c:0011,00f5:001a:0010:0054:00f3:0067:00e1:0047,19273,31468,IPv6
00e6:004d:00a9:00d4:006b:00ed:00c2:005c,007f:0074:0020:00ca:0088:007a:0001:006f,9636,26616,IPv6
000f:00c1:0095:00d7:000d:004e:0012:0048,003b:008c:00e9:0067:008c:00c4:0068:000d,2518,54104,IPv6
251.160.220.139,214.32.101.253,46895,21096,IPv4
00f6:00e6:008f:003d:00a2:006e:005a:0083,00a3:0016:0027:00e6:000c:00a6:006a:00a8,33070,57081,IPv6
006b:00c3:007c:0005:00de:0094:0084:00bd,00c3:00ff:00f9:0077:000a:00d7:00ab:0001,3893,47510,IPv6
00a9:005b:00d4:006d:0049:0065:005e:0024,00f9:003b:00f2:00c5:00e1:0019:00d6:003f,64228,12714,IPv6
00d6:000e:00f8:00d9:00a7:0020:009b:00b0,0018:0011:0040:006d:00e3:009f:0066:0003,21401,4109,IPv6
0003:000c:0063:0024:0077:00a3:008a:00f8,00b7:00bb:00d1:0059:0067:00a3:001d:000e,64887,15343,IPv6
145.48.214.98,170.91.231.247,3733,33424,IPv4
0061:0045:001a:00a1:0037:00ce:0044:006d,00fb:008b:008b:00bf:0029:007a:0073:0032,49696,21617,IPv6
00d2:0031:005d:0061:0090:007b:0029:009c,00ff:0057:001a:00b2:0029:0009:0030:0090,1437,60872,IPv6
004d:00e3:004a:0098:0025:00df:0081:00be,0099:004d:00a0:00ba:0020:0091:0029:0004,35060,26102,IPv6
0072:0027:008d:00a9:0072:0017:008c:0048,0063:0022:00cb:00c9:00b7:0098:0048:0063,10651,30496,IPv6
214.53.64.110,146.64.236.196,52137,56297,IPv4
009b:0086:0026:002a:00ae:0060:0006:00d1,00e3:004e:00f3:003d:008f:0038:0094:00cf,51729,7002,IPv6
0009:0058:008b:00a1:0034:0091:00f1:00a3,0096:00ad:0088:005b:001f:0036:005a:0051,12055,41198,IPv6
00d9:009b:007e:0037:0059:00e3:007e:007c,0047:007f:00bf:009d:0013:00cc:0067:000a,54946,65414,IPv6
135.192.35.158,96.108.252.237,31660,30987,IPv4
126.23.76.90,207.101.111.83,23355,52712,IPv4
0013:005b:00da:0063:0042:0012:00ca:00fb,0030:00f5:00aa:0095:00a0:0092:001c:003c,46962,38706,IPv6
0097:0043:00c4:00a9:00dc:0008:0031:00bd,00e7:00d6:0045:0024:00fc:00c1:00d7:00f7,24527,13291,IPv6
00fe:006f:0006:00e9:00a9:0036:0053:00e9,0051:00e4:0098:00da:00ac:0074:000c:00f1,37192,62466,IPv6
236.101.195.234,239.140.22.85,10505,40197,IPv4
214.152.6.126,201.194.114.188,2405,55878,IPv4
75.124.51.162,149.202.99.112,57399,27965,IPv4
00af:0083:00e5:001d:000b:007b:00b9:00b9,0012:00fc:00c4:00e9:007e:00c5:001a:004a,11761,32560,IPv6
4.165.254.102,148.34.118.199,56996,39464,IPv4
008b:00b4:009a:00d6:0091:0061:006b:008d,006d:00cc:00ff:00f2:0032:00a0:0032:0053,60791,28910,IPv6
253.67.129.255,204.207.51.192,29096,33075,IPv4
0083:0028:0030:00bc:0048:003e:003b:000d,00f1:00ed:0093:009f:00b8:0048:00ce:001f,16662,35186,IPv6
001a:0087:008e:00e8:009e:00e9:0085:00b8,00ea:0004:007a:00dc:0009:0063:0069:0022,32564,12028,IPv6
161.94.20.53,130.25.236.3,51410,1713,IPv4
0080:0023:0001:00aa:0008:00ba:00c2:0057,006a:0042:0023:0043:009e:00c3:00cd:00b5,34430,30113,IPv6
231.235.8.29,245.190.107.137,9071,13046,IPv4
00cf:0055:00ed:0027:0053:0055:0052:004b,0088:0014:00ce:0009:0008:00f8:0064:003a,50534,12786,IPv6
0088:0074:002e:004c:0040:0090:000c:0031,0082:00b5:00b4:004f:002c:0093:004d:00dd,40979,33507,IPv6
00c0:00bc:00fe:000e:005a:00d4:0034:0050,003d:0026:0031:009e:0066:009c:00b0:0081,64077,14362,IPv6
0009:0084:00e8:0094:00c0:0017:008a:00f4,00f5:0046:00e0:001f:0047:0058:00df:00d3,10100,30738,IPv6
198.61.196.54,108.182.27.17,23278,40865,IPv4
128.189.89.62,240.223.120.69,16670,57013,IPv4
00b6:00b4:00fc:0070:001c:0006:00bf:007d,00ad:000c:00f8:00da:004f:0078:007f:0012,39187,30877,IPv6
134.15.232.185,88.206.18.11,53579,44416,IPv4
00f6:00f2:008d:0064:00ae:007f:00bf:004a,0064:005f:0025:0044:00b5:006b:00d3:00ec,31993,23718,IPv6
001b:0072:00ce:0048:001c:00f9:0073:00cb,005e:00dc:005b:007d:00d3:00c2:0052:001f,8917,63025,IPv6
00a6:00af:003f:00ba:0072:00ed:0016:003a,000e:003a:00aa:009e:00aa:007d:00fa:002f,2618,45400,IPv6
00ce:00a1:00bf:004b:00d0:0061:00b2:00c6,00ac:00b1:00be:0030:00bf:0064:001e:005b,5696,53237,IPv6
42.144.113.157,163.74.209.20,36471,19045,IPv4
00cc:00bc:0057:005c:000f:005f:00df:0058,00cf:00cf:003e:00f4:0094:0042:00bc:008d,65142,3137,IPv6
165.11.121.24,15.26.157.247,37723,58408,IPv4
0084:006b:00da:00a6:009a:0070:00a4:0061,007e:009e:0088:00e0:0022:0069:004d:0044,2192,49953,IPv6
190.156.201.254,100.17.93.53,23598,55971,IPv4
00ec:0072:0043:00f8:00ee:00dd:00b7:0017,00e4:0091:0064:009a:0018:000b:0010:00be,38629,52869,IPv6
0064:008d:0029:0075:0039:00f0:00fa:00d5,00cc:0057:00a9:0015:00cd:0011:00b0:00b3,60188,54547,IPv6
0005:00ed:00bd:007d:008b:0066:0046:0053,00e4:00bd:0057:00e9:00c9:0084:0060:00f8,45630,26080,IPv6
0064:0086:00fe:00ab:0090:00d3:001a:00a7,008a:0081:00e5:007f:0013:00de:00d1:00d1,39522,27533,IPv6
19.231.231.138,6.104.226.53,1269,24246,IPv4
0070:000b:00ef:007d:00e7:00c0:0013:00cf,006d:0072:00ce:009e:00a9:0050:009f:00de,50108,58409,IPv6
42.183.230.205,177.67.6.75,22827,48484,IPv4
196.9.247.254,242.31.43.6,5594,40978,IPv4
23.42.203.252,73.13.159.91,33918,21853,IPv4
31.231.130.200,241.181.129.203,10014,46424,IPv4
0039:00d9:00e2:00e7:00a1:00ac:00b2:0072,002d:00dc:008d:00a3:001e:00bd:0096:0081,47020,3999,IPv6
0058:005c:00d8:00fc:004d:0002:0003:0099,0026:0032:006d:004d:00f1:00f2:0036:0091,19237,35148,IPv6
0081:007e:0040:00b2:00b8:0053:00ee:008b,0009:004a:00c8:0088:00ce:009e:008c:00d8,40834,52356,IPv6
00f5:0012:00d0:0052:00cb:00d3:00d1:006d,00bc:00cc:006f:00c9:005b:0058:00e6:00c0,60120,40902,IPv6
0023:002d:0066:0024:00b6:00bd:0046:0055,0012:00b4:00e6:0057:0082:0079:00f7:00a0,49530,33854,IPv6
0084:0067:0044:00f0:008f:0063:00cd:0008,0089:003e:0018:00dc:00b9:004b:005b:006d,24562,25505,IPv6
206.144.185.128,147.25.156.232,62890,51850,IPv4
00a2:00b1:00e8:0067:009c:00b1:0008:0093,00c4:0034:00d2:008b:0056:007b:009b:000e,57030,17842,IPv6
69.142.146.74,144.127.63.246,14926,45117,IPv4
